CATEGORY,ITEM CODE,DESCRIPTION,SUPPLIER,UNIT PRICE,OPENING STOCKS,PURCHASE QUANTITY,SALES QUANTITY,ENDING STOCKS,RETAIL PRICE
OIL,OIL061,GREASE HI-TEMP 10G - KOBY,ARB18,9,45,0,3,42,30
ACCESSORIES,ACS168,SIDE MIRROR RUSI/XRM - MAKOTO,ARB18,98,10,0,0,10,200
ELECTRICAL,ELE433,STARTER RELAY GY6/SMASH/LIFAN - MEP,ARB18,97,10,0,0,10,200
WHEEL,WHL322,TIRE 14 80/90 TL - BEAST FLASH,ARB18,870,5,0,0,5,1100
WHEEL,WHL238,TIRE 14 90/80 TL BEAST FLASH,ARB18,932,5,0,0,5,1200
WHEEL,WHL226,TIRE 14 90/90 TL - FLASH BEAST,ARB18,1001,3,0,0,3,1300
ENGINE,ENG204,CAMS TMX/RUSI - YAKIMOTO,ARB18,282,0,0,0,0,500
CLUTCH,CLT033,CLUTCH SPRING MIO/NMAX/AEROX 1000RPM - JVT,ARB18,279,2,0,0,2,450
CLUTCH,CLT054,CLUTCH SPRING MIO/NMAX/AEROX 1500RPM - JVT,ARB18,264,6,0,0,6,450
BOLT & NUT,BNT065,ADAPTOR SIDE MIRROR SUZUKI,WALKIN,10,49,0,0,49,30
BOLT & NUT,BNT064,ADAPTOR SIDE MIRROR UNIVERSAL,WALKIN,10,40,0,0,40,30
BOLT & NUT,BNT063,ADAPTOR SIDE MIRROR YAMAHA REVERSE,WALKIN,10,42,0,0,42,30
ACCESSORIES,ACS001,ADV FRONT - SPIDER RACING,WALKIN,300,1,0,0,1,350
ACCESSORIES,ACS002,AIR BOX COVER - SEC (ADV / PCX 150),WALKIN,900,1,0,0,1,1100
FILTER,FIL001,AIR CLEANER BEAT FI 17210-K46-N20,WALKIN,290,1,0,0,1,350
FILTER,FIL002,AIR CLEANER BOX NMAXV2,WALKIN,580,1,0,0,1,800
FILTER,FIL003,AIR CLEANER COVER NMAXV2,WALKIN,500,1,0,0,1,750
FILTER,FIL005,AIR FILTER AEROX155,WALKIN,197,1,0,0,1,280
FILTER,FIL063,AIR FILTER ELEMENT CLICK125,ARB18,125,2,0,0,2,180
FILTER,FIL064,AIR FILTER ELEMENT CLICK125 - FTC,ARB18,125,0,0,0,0,180
FILTER,FIL065,AIR FILTER ELEMENT CLICK125 - MAKOTO,ARB18,120,0,0,0,0,200
FILTER,FIL061,AIR FILTER ELEMENT MIO,ARB18,76,4,0,0,4,130
FILTER,FIL011,AIR FILTER ELEMENT MIO - FMP,PANGMASA,98,2,0,0,2,140
FILTER,FIL062,AIR FILTER ELEMENT MIO i125,ARB18,120,0,0,0,0,180
FILTER,FIL067,AIR FILTER ELEMENT MIO M3 -FTC,ARB18,95,4,0,0,4,160
FILTER,FIL069,AIR FILTER ELEMENT MIO SOUL I125 - GPC,ARB18,130,5,0,0,5,200
FILTER,FIL068,AIR FILTER ELEMENT MIO SPORTY/SOUL - GPC,ARB18,101,5,0,0,5,180
FILTER,FIL007,AIR FILTER ELEMENT MIOM3 - KRYON,PANGMASA,90,2,0,0,2,130
FILTER,FIL010,AIR FILTER ELEMENT MIOSOUL - FMP,PANGMASA,98,1,0,0,1,140
FILTER,FIL066,AIR FILTER ELEMENT NAMAX 2019 KYC 273 - FTC,ARB18,125,5,0,0,5,180
FILTER,FIL009,AIR FILTER ELEMENT NMAXV1 2DP -E4450-00,WALKIN,285,2,0,0,2,380
FILTER,FIL012,AIR FILTER ELEMENT SNIPER135 - SV,PANGMASA,90,1,0,0,1,130
FILTER,FIL008,AIR FILTER ELEMENT SNIPER150 - KRYON,PANGMASA,90,1,0,0,1,130
FILTER,FIL013,AIR FILTER GRAVIS / BED-E4450-00,WALKIN,275,2,0,0,2,350
FILTER,FIL014,AIR FILTER NMAX V1,WALKIN,408,1,0,0,1,480
FILTER,FIL015,AIR FILTER NMAX V2,WALKIN,450,1,0,0,1,550
FILTER,FIL070,AIR FILTER NMAX V2 WASHABLE,ARB18,150,2,0,0,2,250
FILTER,FIL016,AIR FILTER NMAX V2/AEROX V2 WASHABLE - JVT,WALKIN,850,1,0,0,1,1100
FILTER,FIL017,AIR FILTER SPORTY / 28D-WE445-00,WALKIN,238,1,0,0,1,300
FILTER,FIL056,AIR FILTER STRAIGHT MUSHROOM 7CM SHORT BLACK,ONLINE,64.58,0,0,0,0,130
FILTER,FIL059,AIR FILTER STRAIGHT MUSHROOM 7CM SHORT BLUE,ONLINE,64.58,5,0,0,5,130
FILTER,FIL060,AIR FILTER STRAIGHT MUSHROOM 7CM SHORT GOLD,ONLINE,64.58,5,0,0,5,130
FILTER,FIL058,AIR FILTER STRAIGHT MUSHROOM 7CM SHORT ORANGE,ONLINE,64.58,5,0,0,5,130
FILTER,FIL055,AIR FILTER STRAIGHT MUSHROOM 7CM SHORT RED,ONLINE,64.58,4,0,0,4,130
FILTER,FIL057,AIR FILTER STRAIGHT MUSHROOM 7CM SHORT SILVER,ONLINE,64.58,4,0,0,4,130
FILTER,FIL049,AIR FILTER UNIVERSAL ELBOW MUSHROOM BLACK,ONLINE,172.84,2,0,0,2,200
FILTER,FIL048,AIR FILTER UNIVERSAL ELBOW MUSHROOM BLUE,ONLINE,90.81,5,0,0,5,150
FILTER,FIL052,AIR FILTER UNIVERSAL ELBOW MUSHROOM COLORFUL 1112 - LTC,ONLINE,125.27,5,0,0,5,200
FILTER,FIL053,AIR FILTER UNIVERSAL ELBOW MUSHROOM COLORFUL 1115 - LTC,ONLINE,125.27,5,0,0,5,200
FILTER,FIL054,AIR FILTER UNIVERSAL ELBOW MUSHROOM COLORFUL 1117 - LTC,ONLINE,125.27,4,0,0,4,200
FILTER,FIL051,AIR FILTER UNIVERSAL ELBOW MUSHROOM GOLD,ONLINE,90.81,4,0,0,4,150
FILTER,FIL047,AIR FILTER UNIVERSAL ELBOW MUSHROOM GREEN,ONLINE,172.84,2,0,0,2,150
FILTER,FIL046,AIR FILTER UNIVERSAL ELBOW MUSHROOM ORANGE,ONLINE,90.81,5,0,0,5,150
FILTER,FIL050,AIR FILTER UNIVERSAL ELBOW MUSHROOM PURPLE,ONLINE,90.81,5,0,0,5,150
FILTER,FIL045,AIR FILTER UNIVERSAL ELBOW MUSHROOM SILVER,ONLINE,90.81,5,0,0,5,150
FILTER,FIL044,AIR FILTER UNIVERSAL STRAIGHT MUSHROOM BLUE,ONLINE,86.25,5,0,0,5,150
FILTER,FIL038,AIR FILTER UNIVERSAL STRAIGHT MUSHROOM GOLD,ONLINE,86.25,5,0,0,5,150
FILTER,FIL042,AIR FILTER UNIVERSAL STRAIGHT MUSHROOM GREEN,ONLINE,86.25,5,0,0,5,150
FILTER,FIL039,AIR FILTER UNIVERSAL STRAIGHT MUSHROOM ORANGE,ONLINE,86.25,5,0,0,5,150
FILTER,FIL041,AIR FILTER UNIVERSAL STRAIGHT MUSHROOM PURPLE,ONLINE,86.25,5,0,0,5,150
FILTER,FIL043,AIR FILTER UNIVERSAL STRAIGHT MUSHROOM RED,WALKIN,86.25,5,0,0,5,150
FILTER,FIL040,AIR FILTER UNIVERSAL STRAIGHT MUSHROOM SILVER,ONLINE,86.25,5,0,0,5,150
FILTER,FIL018,AIR FILTER WASHABLE NAMX V1 - RS8,WALKIN,680,1,0,0,1,800
FILTER,FIL019,AIR FILTER WASHABLE PCX 150 / ADV 150 - RS8,WALKIN,650,1,0,0,1,800
CLEANER,CLN001,ARMORE MATTE,PANGMASA,100,1,0,0,1,150
ACCESSORIES,ACS157,AXLE CAP GOLD - GENUINE PARTS,WALKIN,0,1,0,0,1,100
WHEEL,WHL001,AXLE REAR TC125/TC150 - FORTUNE,WEDZZ,58,0,0,0,0,90
WHEEL,WHL002,AXLE SET GOLD,WALKIN,330,2,0,0,2,350
WHEEL,WHL003,AXLE SIDE WHEEL,ARB18,120,5,0,0,5,200
ACCESSORIES,ACS003,BACK PLATE (MIO-M3) - CW,PANGMASA,137,1,0,0,1,210
ACCESSORIES,ACS004,BACK PLATE (NMAX) - CW,PANGMASA,137,2,0,0,2,210
ACCESSORIES,ACS005,BACK PLATE 2SX-E7623-00 - YAMAHA,WALKIN,235,1,0,0,1,285
ACCESSORIES,ACS006,BACK PLATE WASHER 90201-16819 MIO I 125/MS125/NMAX/AEROX,WALKIN,100,2,0,0,2,120
ACCESSORIES,ACS007,BACLACAVA - SEC,WALKIN,200,2,0,0,2,300
ELECTRICAL,ELE236,BATTERY 12N3L - OD,ARB18,415,4,0,0,4,500
ELECTRICAL,ELE001,BATTERY 12N3L - OD,PANGMASA,400,0,0,0,0,500
ELECTRICAL,ELE290,BATTERY 12N3L - OD,BAMC,450,0,0,0,0,550
ELECTRICAL,ELE233,BATTERY 12N4L - OD,ARB18,445,3,5,1,7,600
ELECTRICAL,ELE002,BATTERY 12N5L - OD,ARB18,550,0,0,0,0,700
ELECTRICAL,ELE315,BATTERY 12N5L - OD,ARB18,545,0,0,0,0,700
ELECTRICAL,ELE003,BATTERY 12N5L - OD,PANGMASA,540,0,0,0,0,700
ELECTRICAL,ELE332,BATTERY 12N5L - POWER GO ECO DRIVE,WEDZZ,390,0,0,0,0,600
ELECTRICAL,ELE251,BATTERY 12N6.5 - OD,ARB18,600,1,0,0,1,750
ELECTRICAL,ELE292,BATTERY 12N6.5 - OD,BAMC,625,0,0,0,0,750
ELECTRICAL,ELE426,BATTERY 12N6.5 - POWER GO ECO DRIVE,ARB18,405,0,0,0,0,750
ELECTRICAL,ELE335,BATTERY 12N6.5L - OD,WEDZZ,600,0,0,0,0,750
ELECTRICAL,ELE242,BATTERY 12N7BL - OD,ARB18,665,1,3,0,4,890
ELECTRICAL,ELE333,BATTERY 12N7BL - OD,WEDZZ,675,0,0,0,0,890
ELECTRICAL,ELE425,BATTERY 4L - CHAMPION,ARB18,360,0,0,0,0,550
ELECTRICAL,ELE424,BATTERY 5L - CHAMPION,ARB18,385,1,0,0,1,600
ELECTRICAL,ELE006,BATTERY BELT,WEDZZ,16,8,0,0,8,50
ELECTRICAL,ELE316,BATTERY YTX4L - OD,ARB18,440,0,0,0,0,600
ELECTRICAL,ELE291,BATTERY YTX4L - OD,BAMC,455,0,0,0,0,600
ELECTRICAL,ELE008,BATTERY YTX4L - POWER GO,ARB18,282,0,0,0,0,450
ELECTRICAL,ELE239,BATTERY YTX5L - OD,ARB18,530,6,5,0,11,700
ELECTRICAL,ELE334,BATTERY YTX7L - OD,WEDZZ,665,2,0,0,2,850
BEARING,BER001,BEARING 6001 - NSK,WALKIN,30,2,0,0,2,80
BEARING,BER071,BEARING 6001 - SAIYAN,WEDZZ,19,50,0,0,50,60
BEARING,BER002,BEARING 6002 - NSK,BAMC,75,10,0,0,10,100
BEARING,BER003,BEARING 6002 - NSK,WALKIN,30,2,0,0,2,100
BEARING,BER063,BEARING 6002 - SAIYAN,WEDZZ,21,20,0,0,20,70
BEARING,BER004,BEARING 6003 - NSK,WALKIN,140,5,0,0,5,170
BEARING,BER060,BEARING 6003 - SAIYAN,WEDZZ,22,68,0,0,68,60
BEARING,BER005,BEARING 6004 - KRYON,BAMC,29,9,0,0,9,60
BEARING,BER006,BEARING 6004 - MRTR,BAMC,35,3,0,0,3,80
BEARING,BER070,BEARING 6004 - SAIYAN,WEDZZ,24,20,0,0,20,60
BEARING,BER007,BEARING 6005 - KYSK,ARB18,35,10,0,0,10,100
BEARING,BER064,BEARING 6005 - SAIYAN,WEDZZ,34,20,0,0,20,80
BEARING,BER008,BEARING 6200 - KYSK,ARB18,23,9,0,0,9,80
BEARING,BER009,BEARING 6200 - KYSK,WALKIN,30,8,0,0,8,80
BEARING,BER062,BEARING 6200 - SAIYAN,WEDZZ,19,20,0,0,20,60
BEARING,BER010,BEARING 6201 - KRYON,BAMC,24,5,0,0,5,100
BEARING,BER011,BEARING 6201 - NSK KYSK,WALKIN,30,0,0,0,0,80
BEARING,BER067,BEARING 6201 - SAIYAN,WEDZZ,19,5,0,0,5,60
BEARING,BER080,BEARING 6201 YSK/SUMO,ARB18,27,20,0,0,20,80
BEARING,BER012,BEARING 6202 - MASAYA,WALKIN,18,0,0,0,0,60
BEARING,BER013,BEARING 6202 - NSK CSZ,PANGMASA,34,0,0,0,0,65
BEARING,BER014,BEARING 6202 - TAKASAGO,WALKIN,50,0,0,0,0,80
BEARING,BER074,BEARING 6202 YSK,ARB18,26,30,0,0,30,80
BEARING,BER015,BEARING 6203 - MASAYA,BAMC,21,0,0,0,0,65
BEARING,BER016,BEARING 6203 - NSK,WALKIN,39,1,0,0,1,85
BEARING,BER017,BEARING 6203 - OTAKA,BAMC,29,1,0,0,1,100
BEARING,BER057,BEARING 6203 - SAIYAN,WEDZZ,24,11,0,0,11,80
BEARING,BER079,BEARING 6203 SKS,ARB18,27,20,0,0,20,80
BEARING,BER018,BEARING 6204 - 9 POWER,WALKIN,25,1,0,0,1,80
BEARING,BER019,BEARING 6204 - KOYO,PANGMASA,100,0,0,0,0,100
BEARING,BER020,BEARING 6204 - KRYON,BAMC,33,0,0,0,0,100
BEARING,BER058,BEARING 6204 - SAIYAN,WEDZZ,35,12,0,0,12,100
BEARING,BER021,BEARING 6205 - KOYO,WALKIN,46,1,0,0,1,100
BEARING,BER023,BEARING 6205 - KYSK,ARB18,35,9,0,2,7,100
BEARING,BER024,BEARING 6205 - MRTR,BAMC,40,8,0,0,8,80
BEARING,BER065,BEARING 6205 - SAIYAN,WEDZZ,37,4,0,0,4,80
BEARING,BER076,BEARING 6205 - SKS,ARB18,34,0,0,0,0,100
BEARING,BER061,BEARING 6300 - SAIYAN,WEDZZ,19,2,0,0,2,60
BEARING,BER027,BEARING 6300 - YSK,ARB18,30,0,0,0,0,80
BEARING,BER078,BEARING 6300 - YSK/SUNBEN/MEHOL,ARB18,30,6,0,0,6,80
BEARING,BER030,BEARING 6301 - KRYON,BAMC,29,0,0,0,0,100
BEARING,BER066,BEARING 6301 - SAIYAN,WEDZZ,22,1,0,0,1,60
BEARING,BER077,BEARING 6301 - SKS,ARB18,27,13,0,0,13,80
BEARING,BER056,BEARING 6302 - SAIYAN,WEDZZ,24,31,0,0,31,60
BEARING,BER032,BEARING 6302 - YSK,ARB18,33,0,0,0,0,80
BEARING,BER034,BEARING 6303 - AST,WEDZZ,32,8,0,0,8,90
BEARING,BER069,BEARING 6303 - AST,WEDZZ,36,10,0,0,10,90
BEARING,BER035,BEARING 6303 - KOYO,WALKIN,100,2,0,0,2,130
BEARING,BER036,BEARING 6303 - KRYON,BAMC,55,3,0,0,3,110
BEARING,BER059,BEARING 6303 - SAIYAN,WEDZZ,35,20,0,0,20,100
BEARING,BER068,BEARING 6304 - KRX,WEDZZ,40,7,0,0,7,100
CVT,CVT002,BELT 23100-K35-V01 - HONDA (CLICK125i V2),WALKIN,540,1,0,0,1,700
CVT,CVT003,BELT 23100-K97-T01 PCX 150/ ADO 150,WALKIN,842,0,0,0,0,1000
CVT,CVT011,BELT 2DP NMAX V1,WALKIN,752,1,0,0,1,900
CVT,CVT044,BELT 2DP NMAX V1 - YAMAHA,BAMC,680,0,0,0,0,900
CVT,CVT004,BELT 2DP NMAX V1 - YAMAHA,WEDZZ,625,1,0,0,1,860
CVT,CVT074,BELT 2PH MIOi125/M3/SOULi125 - SW,WEDZZ,240,1,0,0,1,350
CVT,CVT082,BELT 2PH MIOi125/M3/SOULi125 - SW,WEDZZ,205,1,0,0,1,310
CVT,CVT113,BELT 2PH MIOi125/M3/SOULi125 - YAMAHA,ARB18,437,3,0,1,2,650
CVT,CVT045,BELT 2PH MIOi125/M3/SOULi125 - YAMAHA,ARB18,410,0,0,0,0,600
CVT,CVT012,BELT 5TL MIOAMORE/SPORTY - JVT,WALKIN,553,1,0,0,1,700
CVT,CVT048,BELT 5TL MIOAMORE/SPORTY - YAMAHA,ARB18,410,0,0,0,0,600
CVT,CVT116,BELT 5VV MIO - GUANZON GENUINE,ARB18,453,3,0,0,3,650
CVT,CVT007,BELT 5VV MIO - GUANZON GENUINE,WEDZZ,463,0,0,0,0,600
CVT,CVT080,BELT 5VV MIO - SW,WEDZZ,205,0,0,0,0,310
CVT,CVT070,BELT B65 AEROX - ORIGINAL,WEDZZ,750,1,0,0,1,900
CVT,CVT078,BELT B65 AEROX - SW,WEDZZ,335,3,0,0,3,450
CVT,CVT008,BELT B65 AEROX - YAMAHA,WEDZZ,730,0,0,0,0,950
CVT,CVT126,BELT B65 AEROX GENUINE - YAMAHA,ARB18,602,1,0,0,1,850
CVT,CVT047,BELT B65 AEROXv1&v2/NMAXv2 - YAMAHA,BAMC,720,0,0,0,0,950
CVT,CVT076,BELT BEAT CARB/SCOOPY - SW,WEDZZ,205,0,0,0,0,300
CVT,CVT043,BELT GY6-A50 - KRYON,BAMC,155,0,0,0,0,260
CVT,CVT127,BELT K35 HONDA CLICK125 - GENUINE,ARB18,715,3,0,0,3,1000
CVT,CVT062,BELT K36 HONDA CLICK150 - BC,ARB18,822,2,0,0,2,1000
CVT,CVT009,BELT K44 BEAT FI - GUANZON GENUINE,WEDZZ,720,0,0,0,0,870
CVT,CVT128,BELT K44 HONDA BEAT FI - GENUINE,ARB18,685,1,0,0,1,950
CVT,CVT129,BELT K97 23100-K97-T01 PCX 150/ ADO 150,ARB18,744,0,0,0,0,900
ENGINE,ENG001,BLOCK  CG125 STD - SW,WEDZZ,800,1,0,0,1,1100
ENGINE,ENG134,BLOCK BEAT 50MM - SAIYAN,WEDZZ,949,1,0,1,0,1450
ENGINE,ENG133,BLOCK CB125 52.4MM - SAIYAN,WEDZZ,1010,1,0,0,1,1550
ENGINE,ENG143,BLOCK CG125 56.5MM STD - SW,WEDZZ,800,0,0,0,0,1300
ENGINE,ENG144,BLOCK CLICK125 52.4MM - SW,WEDZZ,1000,0,0,0,0,1500
ENGINE,ENG147,BLOCK CLICK150 57.3MM - SW,WEDZZ,1030,1,0,0,1,1550
ENGINE,ENG140,BLOCK CT100 STD - SAIYAN,WEDZZ,742,1,0,0,1,1150
ENGINE,ENG138,BLOCK GY6125 - SAIYAN,WEDZZ,742,1,0,0,1,1150
ENGINE,ENG142,BLOCK GY6125 52.4MM - SW,WEDZZ,700,1,0,0,1,1100
ENGINE,ENG006,BLOCK KIT  LC150 SNIPER STANDARD - CNC,PANGMASA,1340,0,0,0,0,1750
ENGINE,ENG123,BLOCK KIT BEAT STANDARD - MUTARRU,ARB18,830,0,0,0,0,1400
ENGINE,ENG124,BLOCK KIT MIO 59MM W/ RIK PISTON - SUN,ARB18,1566,2,0,0,2,2500
ENGINE,ENG122,BLOCK KIT MIO M3 59MM - MUTARRU,ARB18,855,0,0,0,0,1450
ENGINE,ENG005,BLOCK KIT MIO STANDARD - MUTARRU,ARB18,765,4,0,0,4,1380
ENGINE,ENG121,BLOCK KIT MIOi125 STANDARD - MAKOTO,ARB18,920,3,0,0,3,1550
ENGINE,ENG009,BLOCK KIT NMAX STANDARD - CNC,PANGMASA,1240,0,0,0,0,1650
ENGINE,ENG010,BLOCK KIT W100 53MM - MUTARRU,ARB18,750,1,0,0,1,1350
ENGINE,ENG197,BLOCK KIT W125 STD - MUTARRU,ARB18,850,2,0,0,2,1400
ENGINE,ENG139,BLOCK LIFAN110 STD - SAIYAN,WEDZZ,704,0,0,0,0,1100
ENGINE,ENG141,BLOCK MIO 50MM - SW,WEDZZ,770,1,0,0,1,1200
ENGINE,ENG126,BLOCK MIO 59MM  - MUTARRU,ARB18,900,1,0,0,1,1450
ENGINE,ENG137,BLOCK MIO 59MM - SAIYAN,WEDZZ,891,1,0,0,1,1200
ENGINE,ENG135,BLOCK MIO M3 59MM - SAIYAN,WEDZZ,1010,2,0,0,2,1550
ENGINE,ENG136,BLOCK MIO M3 STD - SAIYAN,WEDZZ,891,0,0,0,0,1200
ENGINE,ENG130,BLOCK NMAX STD - SAIYAN,WEDZZ,1002,2,0,0,2,1550
ENGINE,ENG128,BLOCK RAIDER150 62MM - SW,WEDZZ,1050,1,0,0,1,1550
ENGINE,ENG191,BLOCK TMX STANDARD - MAKOTO,ARB18,950,2,0,0,2,1350
ENGINE,ENG146,BLOCK TMX SUPREMO 57.3MM - SW,WEDZZ,900,1,0,0,1,1400
ENGINE,ENG011,BLOCK TMX155 STANDARD - SW,WEDZZ,850,0,0,0,0,1150
ENGINE,ENG127,BLOCK WAVE100 54MM - SW,WEDZZ,740,1,0,0,1,1250
ENGINE,ENG129,BLOCK WAVE100 STD - SAIYAN,WEDZZ,788,1,0,0,1,1350
ENGINE,ENG145,BLOCK WAVE125 52.4MM - SW,WEDZZ,800,2,0,0,2,1300
ENGINE,ENG131,BLOCK WAVE125 57MM - SAIYAN,WEDZZ,918,1,0,0,1,1450
ENGINE,ENG132,BLOCK XRM125 STD - SAIYAN,WEDZZ,880,0,0,0,0,1400
ACCESSORIES,ACS008,BODY BAG - SEC,WALKIN,250,2,0,0,2,350
CHASSIS,CHS014,BODY CLIP & BOLT 1PA-F8368-10,ONLINE,9.5,15,0,0,15,25
CHASSIS,CHS015,BODY CLIP & BOLT YAMAHA,ONLINE,5.37,0,0,0,0,25
CHASSIS,CHS016,BODY CLIP SET HONDA,ONLINE,5.37,49,0,0,49,25
BOLT & NUT,BNT001,BOLT 10mmX30,BAMC,6,0,0,0,0,15
BOLT & NUT,BNT003,BOLT 6mmX20,BAMC,2,25,0,0,25,10
BOLT & NUT,BNT004,BOLT 8mmX20,BAMC,3,27,0,0,27,10
ACCESSORIES,ACS159,BOLT CAP BLUE,WEDZZ,50,3,0,0,3,100
ACCESSORIES,ACS161,BOLT CAP GOLD,WEDZZ,50,3,0,0,3,100
ACCESSORIES,ACS160,BOLT CAP RED,WEDZZ,50,3,0,0,3,100
ACCESSORIES,ACS162,BOLT CAP SILVER,WEDZZ,50,1,0,0,1,100
ACCESSORIES,ACS156,BOLT COVER - MOTO ONE,WALKIN,0,2,0,0,2,80
BOLT & NUT,BNT005,BOLT FLANGE DEEP RECESS /95812/08040,WALKIN,75,2,0,0,2,150
BOLT & NUT,BNT069,BOLT FOR PIPE CG125 TMX EURO,WALKIN,35,27,0,2,25,60
BOLT & NUT,BNT006,BOLT REAR WHEEL GOLD M3/CLICK/AEROX/NMAX,WALKIN,210,1,0,0,1,350
BOLT & NUT,BNT066,BOLT ROTOR DISC,WALKIN,10,57,0,0,57,30
BOLT & NUT,BNT068,BOLT STUD FOR PIPE XRM WAVE 110 WITH NUT,WALKIN,20,21,0,0,21,40
BOLT & NUT,BNT060,BOLT TUBE BOLT SONIC G,WALKIN,280,1,0,0,1,380
ACCESSORIES,ACS009,BRACKET FALCON BRACKET TOP BOX BRACKET - SEC MIO M3 / 125,WALKIN,1000,1,0,0,1,1300
ACCESSORIES,ACS010,BRACKET STAY MIO 28D,WALKIN,418,1,0,0,1,550
BRAKE,BRA001,BRAKE ARM SET MIO / NOUVO WG,WALKIN,530,1,0,0,1,550
CABLE,CAB001,BRAKE CABLE BC175 - CW,PANGMASA,50,2,0,0,2,100
CABLE,CAB002,BRAKE CABLE CG125 - OTAKA,PANGMASA,40,0,0,0,0,80
CABLE,CAB003,BRAKE CABLE CT150 - CW,PANGMASA,57,3,0,0,3,120
CABLE,CAB004,BRAKE CABLE GD110 - CW,PANGMASA,58,3,0,0,3,120
CABLE,CAB005,BRAKE CABLE MIO - CW,PANGMASA,62,3,0,0,3,125
CABLE,CAB009,BRAKE CABLE RUSI150 - CW,PANGMASA,55,0,0,0,0,110
CABLE,CAB010,BRAKE CABLE RUSI150 - CW,PANGMASA,45,0,0,0,0,125
CABLE,CAB011,BRAKE CABLE SKYDRIVE - KRYON,BAMC,85,5,0,0,5,140
CABLE,CAB008,BRAKE CABLE SOULi125 - OSAKI,BAMC,174,5,0,0,5,250
CABLE,CAB006,BRAKE CABLE SPORTY/AMORE - MRTR,BAMC,65,4,0,0,4,150
CABLE,CAB012,BRAKE CABLE STX - KRYON,PANGMASA,45,2,0,0,2,90
CABLE,CAB013,BRAKE CABLE TMX - CW,PANGMASA,36,0,0,0,0,80
CABLE,CAB014,BRAKE CABLE TMX - MRTR,PANGMASA,38,2,0,0,2,80
CABLE,CAB082,BRAKE CABLE TMX/CG125 - MAKOTO,ARB18,58,5,0,0,5,120
CABLE,CAB016,BRAKE CABLE TMX125 ALPHA - MRTR,BAMC,43,0,0,0,0,100
CABLE,CAB017,BRAKE CABLE TMX125 ALPHA FR - SUNTAL,BAMC,100,4,0,0,4,160
CABLE,CAB018,BRAKE CABLE TMX155 - KRYON,BAMC,43,4,0,0,4,100
CABLE,CAB019,BRAKE CABLE W110 - KMN,PANGMASA,40,3,0,0,3,80
BRAKE,BRA002,BRAKE CALIPER BLACK NMAX - RCB,WALKIN,2600,0,0,0,0,2850
BRAKE,BRA005,BRAKE CALIPER BLACK UNIVERSAL - BREMBO,WALKIN,850,2,0,0,2,1100
BRAKE,BRA003,BRAKE CALIPER GRAY NMAX - RCB,WALKIN,2600,0,0,0,0,2850
BRAKE,BRA004,BRAKE CALIPER GRAY UNIVERSAL - BREMBO,WALKIN,850,1,0,0,1,1100
BRAKE,BRA006,BRAKE CALIPER UNIVERSAL NGO - BREMBO,WALKIN,1150,1,0,0,1,1400
CLEANER,CLN025,BRAKE CLEANER 560ML - KOBY,WEDZZ,180,1,0,0,1,250
BRAKE,BRA092,BRAKE FLUID,WALKIN,30,0,0,0,0,90
BRAKE,BRA089,BRAKE FLUID (COLORED),ARB18,67,16,0,0,16,130
BRAKE,BRA007,BRAKE FLUID (COLORED),PANGMASA,38,0,0,0,0,130
BRAKE,BRA008,BRAKE FLUID DOT3,ARB18,43,0,0,0,0,90
BRAKE,BRA009,BRAKE FLUID DOT3 - SUREBRAKE,PANGMASA,36,0,0,0,0,90
BRAKE,BRA129,BRAKE FLUID SURE BRAKE,ARB18,37.5,32,0,0,32,90
BRAKE,BRA119,BRAKE FLUID SUREBRAKE 150ML,WEDZZ,40,2,0,0,2,90
BRAKE,BRA011,BRAKE LEVER ASSY UNIVERSAL - CSL,ARB18,85,4,0,0,4,150
ACCESSORIES,ACS154,BRAKE LEVER MIOI125 DOMINO,WALKIN,120,0,0,0,0,200
BRAKE,BRA012,BRAKE MASTER PUMP BLUE - RIZOMA,WALKIN,750,0,0,0,0,950
BRAKE,BRA013,BRAKE MASTER REPAIR KIT - CW,PANGMASA,35,2,0,0,2,80
BRAKE,BRA014,BRAKE MASTER REPAIR KIT MIO,WALKIN,30,0,0,0,0,100
BRAKE,BRA125,BRAKE MASTER REPAIR KIT MIO - CSL,ARB18,22,13,0,0,13,80
BRAKE,BRA120,BRAKE MASTER REPAIR KIT MIO - YSK,ARB18,35,2,0,0,2,100
BRAKE,BRA015,BRAKE MASTER REPAIR KIT NMAX,WALKIN,80,0,0,0,0,110
BRAKE,BRA107,BRAKE PAD ADV/PCX FRONT - ZENO,WEDZZ,70,3,0,0,3,130
BRAKE,BRA113,BRAKE PAD ADV/PCX REAR - ZENO,WEDZZ,70,2,0,0,2,130
BRAKE,BRA023,BRAKE PAD ADV150 FR - RBR,WALKIN,60,4,0,0,4,120
BRAKE,BRA017,BRAKE PAD BEAT - RACING PROJECT,PANGMASA,30,2,0,0,2,70
BRAKE,BRA097,BRAKE PAD BEAT - RZ,WEDZZ,25,4,0,0,4,90
BRAKE,BRA101,BRAKE PAD BEAT FRONT - ZENO,WEDZZ,70,5,0,0,5,130
BRAKE,BRA019,BRAKE PAD BEAT/BEATFI/CLICK125v1/CLICK150v1 - KRYON,BAMC,35,3,0,0,3,100
BRAKE,BRA080,BRAKE PAD BEATFi/BURGMAN ASPIRA,ARB18,111,10,0,0,10,180
BRAKE,BRA020,BRAKE PAD BENDIX MD30,WALKIN,200,1,0,0,1,250
BRAKE,BRA099,BRAKE PAD CLICK - RZ,WEDZZ,25,0,0,0,0,90
BRAKE,BRA102,BRAKE PAD CLICK150 - ZENO,WEDZZ,70,1,0,0,1,130
BRAKE,BRA100,BRAKE PAD M3//AEROX/NMAX FRONT - ZENO,WEDZZ,70,0,0,0,0,130
BRAKE,BRA027,BRAKE PAD MD5 - BENDIX,WALKIN,182,2,0,0,2,250
BRAKE,BRA085,BRAKE PAD MIO M3 - DYNO,ARB18,68,2,0,0,2,120
BRAKE,BRA128,BRAKE PAD MIO SOUL/LC135,ARB18,60,7,0,0,7,120
BRAKE,BRA127,BRAKE PAD MIO SOUL125/LC135,ARB18,67,14,0,0,14,120
BRAKE,BRA121,BRAKE PAD MIO125 - CSL,ARB18,42,1,0,0,1,100
BRAKE,BRA029,BRAKE PAD MIOi125/MIOM3 - KRYON,BAMC,45,1,0,0,1,100
BRAKE,BRA026,BRAKE PAD MIOM3/BEAT/RAIDER150 - MY RACING,ARB18,31,6,0,0,6,90
BRAKE,BRA091,BRAKE PAD MIXED,WALKIN,40,4,0,0,4,80
BRAKE,BRA032,BRAKE PAD PCX/ADV150 RR - PITSBIKE,WALKIN,98,0,0,0,0,160
BRAKE,BRA031,BRAKE PAD PCX150 RR - NISSIN,WALKIN,68,2,0,0,2,110
BRAKE,BRA033,BRAKE PAD R150 - KHC,PANGMASA,30,0,0,0,0,70
BRAKE,BRA122,BRAKE PAD R150/SMASH/SHOGUN - GPC,ARB18,53,4,0,0,4,120
BRAKE,BRA110,BRAKE PAD RAIDER150FI - DYNO PRO,WEDZZ,70,0,0,0,0,130
BRAKE,BRA112,BRAKE PAD RAIDERFI - GRS,WEDZZ,25,5,0,0,5,90
BRAKE,BRA036,BRAKE PAD RAIDERFI - KRS,PANGMASA,30,0,0,0,0,80
BRAKE,BRA108,BRAKE PAD RAIDERFI - SMOK,WEDZZ,70,9,0,0,9,130
BRAKE,BRA035,BRAKE PAD RAIDERFI - YAKIMUTO,PANGMASA,30,0,0,0,0,80
BRAKE,BRA111,BRAKE PAD RAIDERFI REAR - DYNO PRO,WEDZZ,70,5,0,0,5,130
BRAKE,BRA037,BRAKE PAD REAR RS150 - BENDIX,WALKIN,182,1,0,0,1,230
BRAKE,BRA038,BRAKE PAD SHOGUN - KHC,PANGMASA,30,5,0,0,5,60
BRAKE,BRA039,BRAKE PAD SHOGUN - YJ,PANGMASA,30,2,0,0,2,60
BRAKE,BRA041,BRAKE PAD SNIPER135 - CW,PANGMASA,47,4,0,0,4,100
BRAKE,BRA042,BRAKE PAD SNIPER135 - MRTR,BAMC,35,0,0,0,0,100
BRAKE,BRA103,BRAKE PAD SNIPER155 FRONT - ZENO,WEDZZ,70,4,0,0,4,130
BRAKE,BRA104,BRAKE PAD SNIPER155 REAR - ZENO,WEDZZ,70,1,0,0,1,130
BRAKE,BRA043,BRAKE PAD SPORTY - NISSIN,WALKIN,90,2,0,0,2,120
BRAKE,BRA109,BRAKE PAD WAVE100 - SMOK,WEDZZ,70,3,0,0,3,130
BRAKE,BRA098,BRAKE PAD WAVE100/110 - RZ,WEDZZ,25,4,0,0,4,90
BRAKE,BRA096,BRAKE PAD WAVE125 - RZ,WEDZZ,25,3,0,0,3,90
BRAKE,BRA105,BRAKE PAD WAVE125 - ZENO,WEDZZ,70,4,0,0,4,130
BRAKE,BRA046,BRAKE PAD XRM TRINITY - NISSIN,WALKIN,64,2,0,0,2,150
BRAKE,BRA106,BRAKE PAD XRM TRINITY - ZENO,WEDZZ,70,3,0,0,3,130
BRAKE,BRA088,BRAKE PAD XRM/TRINITY/DASH,ARB18,35,2,0,0,2,80
BRAKE,BRA047,BRAKE PAD XRM110/WAVE125/SKYDRIVE - KRYON,BAMC,35,3,0,0,3,100
BRAKE,BRA048,BRAKE PANEL CT100 RR - KRYON,BAMC,165,1,0,0,1,280
BRAKE,BRA049,BRAKE PANEL TMX125 ALPHA WITH BOX RR - MSK,BAMC,307,1,0,0,1,410
BRAKE,BRA050,BRAKE PANEL TMX155 WITH BOX RR - MSK,BAMC,311,1,0,0,1,420
BRAKE,BRA051,BRAKE ROD +2 UNIVERSAL - NUI,WALKIN,450,1,0,0,1,700
BRAKE,BRA052,BRAKE ROD TMX,WEDZZ,35,8,0,0,8,80
BRAKE,BRA053,BRAKE ROD XRM,WEDZZ,39,9,0,0,9,80
BRAKE,BRA055,BRAKE SHOE BAJAJ - GRS,PANGMASA,55,2,0,0,2,90
BRAKE,BRA056,BRAKE SHOE BARAKO175 - MAKOTO,WALKIN,170,0,0,0,0,170
BRAKE,BRA057,BRAKE SHOE BC175 - KRYON,PANGMASA,102,1,0,0,1,170
BRAKE,BRA058,BRAKE SHOE BEAT,WALKIN,140,1,0,0,1,220
BRAKE,BRA059,BRAKE SHOE BEAT - GRS,PANGMASA,75,4,0,0,4,110
BRAKE,BRA081,BRAKE SHOE BEAT/CLICK - ASPIRA,ARB18,155,0,0,0,0,250
BRAKE,BRA060,BRAKE SHOE BEAT/CLICK - KRYON,ARB18,98,0,0,0,0,180
BRAKE,BRA114,BRAKE SHOE BEAT/CLICK - KRYON,ARB18,98,0,0,0,0,180
BRAKE,BRA094,BRAKE SHOE BEAT/CLICK - YELLOW,ARB18,127,5,0,0,5,250
BRAKE,BRA123,BRAKE SHOE CLICK125/150 - SKS,ARB18,104,8,0,0,8,180
BRAKE,BRA061,BRAKE SHOE HB TMX155 FR - MAKOTO,WALKIN,140,2,0,0,2,210
BRAKE,BRA115,BRAKE SHOE HD3 REAR CT125 - SKS,ARB18,80,2,0,0,2,150
BRAKE,BRA062,BRAKE SHOE HD3 RR- MRTR,WALKIN,90,1,0,0,1,140
BRAKE,BRA063,BRAKE SHOE HD3/RS100 BILP - KRS,ARB18,84,0,0,0,0,140
BRAKE,BRA093,BRAKE SHOE MIO - MAKOTO,ARB18,170,9,0,0,9,260
BRAKE,BRA067,BRAKE SHOE MIO - MRTR,PANGMASA,99,1,0,0,1,150
BRAKE,BRA087,BRAKE SHOE MIO - MSB,ARB18,96,0,0,0,0,160
BRAKE,BRA118,BRAKE SHOE MIO - OTAKA,WEDZZ,100,0,0,0,0,250
BRAKE,BRA117,BRAKE SHOE MIO - SAIYAN,WEDZZ,129,2,0,0,2,250
BRAKE,BRA095,BRAKE SHOE MIO - SKS,ARB18,102,0,0,0,0,160
BRAKE,BRA070,BRAKE SHOE MIO/SOUL - MAKOTO,BAMC,170,5,0,0,5,220
BRAKE,BRA071,BRAKE SHOE MIO/SPORTY/AMORE/NOUVO - MRTR,BAMC,110,6,0,0,6,200
BRAKE,BRA069,BRAKE SHOE MIOM3 - MAKOTO,WALKIN,161,2,0,0,2,230
BRAKE,BRA090,BRAKE SHOE MIXED,WALKIN,80,10,0,0,10,150
BRAKE,BRA124,BRAKE SHOE REAR HD3/CT125/RS125 - SKS,ARB18,80,6,0,0,6,150
BRAKE,BRA073,BRAKE SHOE SKYDRIVE,WALKIN,160,1,0,0,1,200
BRAKE,BRA084,BRAKE SHOE SKYDRIVE - KRYON,ARB18,103,4,0,0,4,180
BRAKE,BRA082,BRAKE SHOE TMX FR - KRYON,ARB18,88,4,0,0,4,150
BRAKE,BRA075,BRAKE SHOE TMX FR - KRYON,WALKIN,100,0,0,0,0,170
BRAKE,BRA083,BRAKE SHOE TMX RR - MSB,ARB18,89,0,0,0,0,150
BRAKE,BRA076,BRAKE SHOE TMX SUPREMO RUBBERIZED W/O CANAL,BAMC,122,4,0,0,4,220
BRAKE,BRA116,BRAKE SHOE TMX155 REAR SKS,ARB18,80,1,0,0,1,150
BRAKE,BRA077,BRAKE SHOE TMX155 RR - MAKOTO,WALKIN,180,0,0,0,0,160
BRAKE,BRA086,BRAKE SHOE XRM - MAKOTO,ARB18,100,0,0,0,0,150
BRAKE,BRA126,BRAKE SHOE XRM - SKS,ARB18,63,2,0,0,2,120
ELECTRICAL,ELE376,BULB G18,WEDZZ,5,53,0,0,53,30
ELECTRICAL,ELE375,BULB HEAD LIGHT B35,WEDZZ,18,13,0,0,13,40
ELECTRICAL,ELE237,BULB HEAD LIGHT B35 - SUNTAL,WALKIN,30,2,0,0,2,60
ELECTRICAL,ELE240,BULB HEAD LIGHT B35 12V/35W CSL,ARB18,15,1,0,0,1,40
ELECTRICAL,ELE243,BULB HEAD LIGHT B35 H6 FISH EYE,ONLINE,100,7,0,0,7,160
ELECTRICAL,ELE322,BULB HEAD LIGHT B35 H6 FISH EYE LED - ANH,ONLINE,116.68,5,0,0,5,180
ELECTRICAL,ELE245,BULB HEAD LIGHT B35 HALOGEN - QUANTUM,PANGMASA,45,19,0,0,19,100
ELECTRICAL,ELE249,BULB HEAD LIGHT B35 HALOGEN 35W ALL SEASON - SUNTAL,BAMC,75,7,0,0,7,125
ELECTRICAL,ELE234,BULB HEAD LIGHT B35 LED STX 3-COLOR - MAKOTO,ARB18,225,6,0,0,6,350
ELECTRICAL,ELE302,BULB HEAD LIGHT B35 LED TMX 3-COLOR - MAKOTO,ARB18,235,6,0,0,6,350
ELECTRICAL,ELE252,BULB HEAD LIGHT B35 ORDINARY,PANGMASA,13,0,0,0,0,40
ELECTRICAL,ELE321,BULB HEAD LIGHT B35/STX125 DUAL COLOR FISH EYE LED - MSM,ONLINE,131,0,0,0,0,180
ELECTRICAL,ELE254,BULB HEAD LIGHT COOL BLUE - OSRAM,WALKIN,15,1,0,0,1,65
ELECTRICAL,ELE256,BULB HEAD LIGHT H4 FISH EYE,ONLINE,100,6,0,0,6,160
ELECTRICAL,ELE258,BULB HEAD LIGHT H4 HALOGEN,PANGMASA,75,0,0,0,0,140
ELECTRICAL,ELE260,BULB HEAD LIGHT H4 LED COOL WHITE OSRAM,BAMC,120,0,0,0,0,170
ELECTRICAL,ELE261,BULB HEAD LIGHT H4 YSK,ARB18,24,14,0,0,14,50
ELECTRICAL,ELE262,BULB HEAD LIGHT HALOGEN BARAKO - MAKOTO,WALKIN,59,1,0,0,1,100
ELECTRICAL,ELE263,BULB HEAD LIGHT HALOGEN XRM - MAKOTO,WALKIN,64,1,0,0,1,100
ELECTRICAL,ELE265,BULB HEAD LIGHT T19 12V/35W CSL,ARB18,8,0,0,0,0,30
ELECTRICAL,ELE323,BULB HEAD LIGHT T19 FISH EYE LED - ANH,ONLINE,110.68,0,0,0,0,180
ELECTRICAL,ELE266,BULB HEAD LIGHT T19 HALOGEN 35W ALL SEASON - SUNTAL,BAMC,70,3,0,0,3,120
ELECTRICAL,ELE267,BULB HEAD LIGHT T19 LED - SUNTAL,BAMC,170,0,0,0,0,220
ELECTRICAL,ELE268,BULB HEAD LIGHT T19 LED - TVR BOHLAN,PANGMASA,110,0,0,0,0,160
ELECTRICAL,ELE269,BULB HEAD LIGHT T19 ORDINARY,PANGMASA,6.5,9,0,0,9,25
ELECTRICAL,ELE317,BULB HEAD LIGHT T19 ORDINARY - YSK,ARB18,8,28,0,0,28,40
ELECTRICAL,ELE270,BULB HEAD LIGHT T19L ORDINARY SUNTAL,WALKIN,15,0,0,0,0,30
ELECTRICAL,ELE246,BULB LED 3-COLORS STX - MAKOTO,ARB18,235,11,0,0,11,350
ELECTRICAL,ELE310,BULB LED HEADLIGHT,WALKIN,50,4,0,0,4,120
ELECTRICAL,ELE324,BULB PARK LIGHT T10 PEANUT LED ICE BLUE,ONLINE,32.66,1,0,0,1,80
ELECTRICAL,ELE325,BULB PARK LIGHT T10 PEANUT LED JELLY GREEN,ONLINE,32.66,5,0,0,5,80
ELECTRICAL,ELE329,BULB PARK LIGHT T10 PEANUT LED JELLY RED,ONLINE,32.66,8,0,0,8,80
ELECTRICAL,ELE328,BULB PARK LIGHT T10 PEANUT LED JELLY WHITE,ONLINE,32.66,2,0,0,2,80
ELECTRICAL,ELE326,BULB PARK LIGHT T10 PEANUT LED PINK,ONLINE,32.66,4,0,0,4,80
ELECTRICAL,ELE327,BULB PARK LIGHT T10 PEANUT LED YELLOW,ONLINE,32.66,10,0,0,10,80
ELECTRICAL,ELE271,BULB PARK LIGHT T15 LED DOUBLE CONTACT WHITE/YELLOW,WALKIN,169,1,0,0,1,250
ELECTRICAL,ELE331,BULB PARK LIGHT T15 LED RED - YIYMP,ONLINE,62.66,8,0,0,8,120
ELECTRICAL,ELE273,BULB PARK LIGHT T15 ORDINARY,WALKIN,97,0,0,0,0,150
ELECTRICAL,ELE275,BULB SIGNAL LIGHT T13 - IMARFLEX,PANGMASA,7,6,0,0,6,20
ELECTRICAL,ELE276,BULB SIGNAL LIGHT T13 - OSRAM,WALKIN,25,1,0,0,1,35
ELECTRICAL,ELE330,BULB SIGNAL/PARK LIGHT T15 LED DOUBLE CONTACT ICE BLUE/YELLOW,ONLINE,142.66,10,0,0,10,250
ELECTRICAL,ELE277,BULB T10 PEANUT,ARB18,3,3,0,0,3,20
ELECTRICAL,ELE379,BULB T19,WEDZZ,7,27,0,1,26,20
ELECTRICAL,ELE377,BULB T5 (SMALL),WEDZZ,2,200,0,0,200,15
ELECTRICAL,ELE278,BULB T5 LED BLUE PEANUT,WALKIN,12,2,0,0,2,30
ELECTRICAL,ELE279,BULB T5 LED GREEN PEANUT,WALKIN,12,2,0,0,2,30
ELECTRICAL,ELE280,BULB T5 LED ICE BLUE PEANUT,WALKIN,12,1,0,0,1,30
ELECTRICAL,ELE281,BULB T5 LED PINK PEANUT,WALKIN,12,2,0,0,2,30
ELECTRICAL,ELE282,BULB T5 LED RED PEANUT,WALKIN,12,2,0,0,2,30
ELECTRICAL,ELE283,BULB T5 LED WHITE PEANUT,WALKIN,12,2,0,0,2,30
ELECTRICAL,ELE284,BULB T5 LED YELLOW PEANUT,WALKIN,12,2,0,0,2,30
ELECTRICAL,ELE378,BULB TAIL LIGHT S25,WEDZZ,6,0,0,0,0,20
ELECTRICAL,ELE427,BULB TAIL LIGHT S25 12V 21/5W - CSL,ARB18,7,40,0,1,39,25
ELECTRICAL,ELE286,BULB TAIL LIGHT S25 ORDINARY,PANGMASA,6.5,0,0,0,0,25
ELECTRICAL,ELE314,BULB TAIL LIGHT S25 ORDINARY - SUNTAL,ARB18,9,0,0,0,0,30
ELECTRICAL,ELE430,BULB TAIL LIGHT S25 ORDINARY - YSK,ARB18,8,37,0,1,36,25
BUSHING,BUS001,BUSHING RUBBER HANGER ADO150/11103-RUB-901,WALKIN,400,2,0,0,2,520
BUSHING,BUS002,BUSHING RUBBER NMAX V1/2DP - P7114-00,WALKIN,180,2,0,0,2,250
BUSHING,BUS003,BUSHING STEEL TMX,WEDZZ,55,0,0,0,0,100
BUSHING,BUS004,BUSHING SWING ARM CT100 - IMARFLEX,PANGMASA,75,1,0,0,1,130
BUSHING,BUS005,BUSHING SWING ARM GY6 - DEXIUNG,PANGMASA,45,3,0,0,3,100
BUSHING,BUS006,BUSHING SWING ARM RS100 - IMARFLEX,PANGMASA,75,2,0,0,2,130
BUSHING,BUS007,BUSHING SWING ARM TMX - KHC,PANGMASA,25,3,0,0,3,80
BUSHING,BUS008,BUSHING SWING ARM XRM - OTAKA,PANGMASA,45,3,0,0,3,100
ACCESSORIES,ACS011,BUTTERFLY EURO,WEDZZ,196,0,0,0,0,320
ACCESSORIES,ACS012,BUTTERFLY TMX 125,WEDZZ,196,0,0,0,0,320
ENGINE,ENG012,CAM CHAIN TENSIOER ASSY,WALKIN,560,2,0,0,2,700
ENGINE,ENG190,CAM CHAIN TENSIONER GUIDE MIO - YSK,ARB18,75,5,0,0,5,130
ENGINE,ENG189,CAM CHAIN TENSIONER MIOI125/SOUL - GPC,ARB18,142,2,0,0,2,230
ENGINE,ENG013,CAM GEAR SOULi125/M3,WALKIN,125,0,0,0,0,175
ENGINE,ENG014,CAM GUIDE CHAIN XRM125/WAVE125,BAMC,44,4,0,0,4,100
ENGINE,ENG121,CAM SPROCKET STARTER XRM110 - YAKIMOTO,BAMC,65,2,0,0,2,115
BOLT & NUT,BNT007,CAP SCREW STAINLESS 8X40mm,BAMC,14,15,0,0,15,40
ENGINE,ENG017,CARBURETOR ASSEMBLY 26MM - LTEUS,PANGMASA,300,1,0,0,1,600
ENGINE,ENG018,CARBURETOR ASSEMBLY 28MM - KEIHIN,BAMC,400,0,0,0,0,800
ENGINE,ENG019,CARBURETOR ASSEMBLY MIO - KEIHIN,ARB18,553,0,0,0,0,950
ENGINE,ENG021,CARBURETOR ASSEMBLYY MIOAMORE/SPORTY/SOUL/NOUVO - SEPTWOLVES,BAMC,550,0,0,0,0,1100
ENGINE,ENG022,CARBURETOR ASSEMBLYY RS100 - SEPTWOLVES,BAMC,400,1,0,0,1,800
CLEANER,CLN022,CARBURETOR CLEANER 450mL - KOBY,WEDZZ,78,0,0,0,0,130
ENGINE,ENG196,CARBURETOR MIO SOUL - SPD,ARB18,845,1,0,0,1,1100
ENGINE,ENG023,CARBURETOR REPAIR KIT  78MM - RBR,WALKIN,45,1,0,0,1,100
ENGINE,ENG024,CARBURETOR REPAIR KIT BEAT - YAKIMUTO,PANGMASA,45,3,0,0,3,100
ENGINE,ENG025,CARBURETOR REPAIR KIT C100 - CW,PANGMASA,45,0,0,0,0,100
ENGINE,ENG026,CARBURETOR REPAIR KIT CLICK - OTAKA,PANGMASA,45,4,0,0,4,100
ENGINE,ENG027,CARBURETOR REPAIR KIT CT100-SW,PANGMASA,45,10,0,0,10,100
ENGINE,ENG028,CARBURETOR REPAIR KIT HD3 - SW,PANGMASA,45,5,0,0,5,100
ENGINE,ENG029,CARBURETOR REPAIR KIT MIO - KRYON,PANGMASA,45,0,0,0,0,100
ENGINE,ENG186,CARBURETOR REPAIR KIT MIO - TAKASAGO,ARB18,80,2,0,0,2,130
ENGINE,ENG030,CARBURETOR REPAIR KIT RUSI - GRS,PANGMASA,45,11,0,0,11,100
ENGINE,ENG031,CARBURETOR REPAIR KIT SHOGUN - CW,PANGMASA,45,4,0,0,4,100
ENGINE,ENG032,CARBURETOR REPAIR KIT SHOGUN - KRYON,PANGMASA,45,1,0,0,1,100
ENGINE,ENG033,CARBURETOR REPAIR KIT SMASH - KRYON,PANGMASA,45,1,0,0,1,100
ENGINE,ENG034,CARBURETOR REPAIR KIT TMX125 - OTAKA,BAMC,55,3,0,0,3,100
ENGINE,ENG035,CARBURETOR REPAIR KIT TMX155 - SUNTAL,BAMC,80,0,0,0,0,130
ENGINE,ENG198,CARBURETOR REPAIR KIT TMX155 CDI - LIMAN,ARB18,64,6,0,0,6,120
ENGINE,ENG185,CARBURETOR REPAIR KIT W100 - TAKASAGO,ARB18,75,5,0,0,5,130
ENGINE,ENG036,CARBURETOR REPAIR KIT WAVE - YAKIMUTO,PANGMASA,45,1,0,0,1,100
ENGINE,ENG037,CARBURETOR REPAIR KIT WAVE125 - KRYON,PANGMASA,55,2,0,0,2,100
ENGINE,ENG038,CARBURETOR REPAIR KIT X4 - CW,PANGMASA,45,3,0,0,3,100
ENGINE,ENG039,CARBURETOR REPAIR KIT XRM - FMP,PANGMASA,45,2,0,0,2,100
ENGINE,ENG179,CARBURETOR TMX - MAKOTO,ARB18,450,2,0,0,2,900
ELECTRICAL,ELE399,CARBURETOR TMX SUPREMO - SPD,ARB18,1037,2,0,0,2,1350
ENGINE,ENG193,CARBURETOR TMX/TMX125 - KEIHIN,ARB18,280,2,0,0,2,450
ELECTRICAL,ELE400,CARBURETOR TMX125 - KEIHIN RZ,ARB18,300,0,0,0,0,600
ENGINE,ENG040,CARBURETOR TMX155 - KEIHIN,ARB18,268,0,0,0,0,450
ENGINE,ENG199,CARBURETOR XRM110 - KEIHIN,ARB18,288,3,0,0,3,450
ACCESSORIES,ACS013,CARGO NET,WALKIN,70,2,0,0,2,150
ELECTRICAL,ELE393,CDI BEAT,WEDZZ,520,2,0,0,2,680
ELECTRICAL,ELE012,CDI CG125 6PIN - SHOWAR,WALKIN,209,1,0,0,1,320
ELECTRICAL,ELE013,CDI GY6 - TOTO,BAMC,150,5,0,0,5,250
ELECTRICAL,ELE015,CDI LIFAN110 - MAKOTO,ARB18,255,2,0,0,2,360
ELECTRICAL,ELE308,CDI LIFAN150 TMX125/RUSI125/RUSI150 - CSL,ARB18,104,0,0,0,0,180
ELECTRICAL,ELE402,CDI MIO/MIOSOUL - EPOWER,ARB18,402,4,0,0,4,600
ELECTRICAL,ELE017,CDI RUSI - BILLION,PANGMASA,185,1,0,0,1,230
ELECTRICAL,ELE019,CDI TMX SUPREMO - KRYON,BAMC,375,3,0,0,3,500
ELECTRICAL,ELE020,CDI TMX125 ALPHA - SK,WALKIN,170,1,0,0,1,220
ELECTRICAL,ELE429,CDI UNIT TMX NEW - APIDO,ARB18,126,3,0,0,3,230
ELECTRICAL,ELE021,CDI XRM - BILLION,PANGMASA,95,0,0,0,0,140
ELECTRICAL,ELE413,CDI XRM110 - SPD RIDE,ARB18,93,3,0,0,3,200
CHASSIS,CHS002,CENTER SPRING 1000 RPM NMAX/AEROX - JVT,WALKIN,417,0,0,0,0,520
CHASSIS,CHS004,CENTER SPRING 1200 RPM M3 - JVT,WALKIN,417,0,0,0,0,520
CHASSIS,CHS005,CENTER SPRING 1500 RPM MIO SPORTY - JVT,WALKIN,391,2,0,0,2,500
CHASSIS,CHS017,CENTER SPRING CLICK/PCX/ADV 1000RPM - JVT,ARB18,387,5,0,0,5,550
CHAIN,CHN092,CENTER SPRING CLICK/PCX/ADV 1200RPM - JVT,ARB18,387,5,0,0,5,550
CHASSIS,CHS025,CENTER SPRING CLICK/PCX/ADV 1500RPM - JVT,ARB18,387,4,0,0,4,550
CHASSIS,CHS022,CENTER SPRING MIO 1000RPM - JVT,ARB18,368,5,0,0,5,500
CHASSIS,CHS006,CENTER SPRING MIO 110 1500 RPM - NCY,WALKIN,284,1,0,0,1,350
CHASSIS,CHS023,CENTER SPRING MIO 1200RPM - JVT,ARB18,368,5,0,0,5,500
CHASSIS,CHS024,CENTER SPRING MIO 1500RPM - JVT,ARB18,368,5,0,0,5,500
CHASSIS,CHS007,CENTER SPRING MIO SPORTY 1500 RPM - RS8,WALKIN,293,3,0,0,3,380
CABLE,CAB079,CENTER SPRING MIOM3 1000RPM - JVT,ARB18,387,7,0,0,7,550
CHASSIS,CHS021,CENTER SPRING MIOM3 1200RPM - JVT,ARB18,387,3,0,0,3,550
CHASSIS,CHS027,CENTER SPRING MIOM3 1500RPM - JVT,ARB18,387,5,0,0,5,550
CHASSIS,CHS019,CENTER SPRING NMAX/AEROX 1000RPM - JVT,ARB18,387,4,0,0,4,550
CHASSIS,CHS020,CENTER SPRING NMAX/AEROX 1200RPM - JVT,ARB18,387,3,0,0,3,500
CHASSIS,CHS026,CENTER SPRING NMAX/AEROX 1500RPM - JVT,ARB18,387,2,0,0,2,550
ELECTRICAL,ELE022,CERAMIC SOCKET FOR ERROR12,WALKIN,322,1,0,0,1,450
ELECTRICAL,ELE259,CERAMIC TERMINAL FOR ERROR12 AEROXV1V2/NMAXV2V2.1 - ADPRO V3,ONLINE,548,4,0,0,4,750
ELECTRICAL,ELE289,CERAMIC TERMINAL FOR ERROR12 AEROXV1V2/NMAXV2V2.1 - CERAMIC PRO,ONLINE,254.5,8,0,0,8,400
CHAIN,CHN001,CHAIN 428 110L BLACK - KRYON,BAMC,170,0,0,0,0,250
CHAIN,CHN002,CHAIN 428H 110L BLACK - MRTR,BAMC,150,0,0,0,0,250
CHAIN,CHN003,CHAIN 428H 110L CHROME - KMC,BAMC,162,0,0,0,0,250
CHAIN,CHN006,CHAIN 428H 120L CHROME - KMC,BAMC,180,1,0,0,1,260
CHAIN,CHN007,CHAIN 428H 120L GOLD - LAZX,BAMC,260,0,0,0,0,360
CHAIN,CHN008,CHAIN 428H 130L BLACK - MRTR,BAMC,170,0,0,0,0,270
CHAIN,CHN009,CHAIN 428H 130L GOLD - LAZX,BAMC,270,0,0,0,0,370
CHAIN,CHN010,CHAIN 428H 130L NEON GREEN - LAZX,BAMC,450,2,0,0,2,650
CHAIN,CHN012,CHAIN 428H-110L - MAKOTO,ARB18,170,0,0,0,0,230
CHAIN,CHN015,CHAIN 428H-120L - MAKOTO,ARB18,185,1,0,0,1,250
CHAIN,CHN018,CHAIN 428H-130L - MAKOTO,ARB18,195,3,0,0,3,270
CHAIN,CHN087,CHAIN 428H-130L - MUTARRU,ARB18,410,2,0,0,2,600
CHAIN,CHN020,CHAIN 428H-130L - RACE POWER PINK,WEDZZ,480,0,0,0,0,750
CHAIN,CHN021,CHAIN 428H-130L - RACE POWER RED,WEDZZ,480,1,0,0,1,750
CHAIN,CHN022,CHAIN ADJUSTER - SW (CT100 LH),WEDZZ,20,3,0,0,3,30
CHAIN,CHN023,CHAIN ADJUSTER - SW (CT100 RH),WEDZZ,20,3,0,0,3,30
CHAIN,CHN024,CHAIN ADJUSTER - SW (LIFAN150),WEDZZ,16,4,0,0,4,80
CHAIN,CHN025,CHAIN ADJUSTER LF125 - YAKIMOTO,WEDZZ,33,3,0,0,3,65
CHAIN,CHN026,CHAIN ADJUSTER RAIDER150 - KRYON,BAMC,25,4,0,0,4,50
CHAIN,CHN027,CHAIN ADJUSTER RS100 - KRYON,BAMC,19,4,0,0,4,45
CHAIN,CHN028,CHAIN ADJUSTER SNIPER135 - KRYON,BAMC,25,1,0,0,1,50
CHAIN,CHN029,CHAIN ADJUSTER XRM - ADJUSTER,WEDZZ,14,5,0,0,5,70
CLEANER,CLN024,CHAIN CLEANING 500ML - KOBY,WEDZZ,175,1,0,0,1,250
CHAIN,CHN030,CHAIN GUIDE (DREAM) - SHOWAR,WALKIN,75,1,0,0,1,150
CHAIN,CHN031,CHAIN GUIDE TENSIONER - HDM (MIO),PANGMASA,95,0,0,0,0,200
CHAIN,CHN032,CHAIN GUIDE TENSIONER MIO M3 - SW,WEDZZ,100,0,0,0,0,150
CHAIN,CHN033,CHAIN GUIDE TENSIONER NMAX - SV,PANGMASA,95,2,0,0,2,145
CHAIN,CHN034,CHAIN LOCK 420H,WEDZZ,2.4,98,0,0,98,15
CHAIN,CHN035,CHAIN LOCK 428H,PANGMASA,4,0,0,0,0,15
CHAIN,CHN089,CHAIN LOCK 428H - YSK,ARB18,7,10,0,0,10,20
CHAIN,CHN036,CHAIN LUBE STANDARD 250mL - KOBY,BAMC,85,0,0,0,0,140
CLEANER,CLN028,CHAIN MAINTENANCE KIT - KOBY,WEDZZ,255,1,0,0,1,310
CHAIN,CHN037,CHAIN SET 428 14T-34T 110 GOLD XRM/WAVE - OSAKI,BAMC,826,2,0,0,2,1250
CHAIN,CHN038,CHAIN SET 428 14T-42T 110 RAIDER150 - GOLD SEPTWOLVES,BAMC,520,0,0,0,0,850
CHAIN,CHN090,CHAINSET REVO CHROME R150 (2IN1) 15 45 428 132L,WEDZZ,814,2,0,0,2,1300
CHAIN,CHN091,CHAINSET REVO GOLD R150 (2IN1) 15 45 428 132L  - LUCKY,WEDZZ,961,2,0,0,2,1450
CLUTCH,CLT034,CIRCLIP CLUTCH LINING NMAX/AEROX/MIO 54P-E681900-00,ONLINE,34.26,10,0,0,10,80
CLUTCH,CLT036,CIRCLIP CLUTCH LINING NMAX/AEROX/MIO 54P-E681900-00,ONLINE,43,0,0,0,0,80
CLUTCH,CLT046,CIRCLIP CLUTCH LINING NMAX/AEROX/MIO 54P-E681900-00,ONLINE,21.66,0,0,0,0,80
CLUTCH,CLT047,CIRCLIP CLUTCH LINING NMAX/AEROX/MIO 54P-E681900-00,ONLINE,41.7,0,0,0,0,80
CLUTCH,CLT001,CIRCLIP CLUTCH LINING NMAX/AEROX/MIOi125/SOULi125 2PH-E681900-00,WALKIN,34,0,0,0,0,80
CLUTCH,CLT042,CIRCLIP CLUTCH LINING NMAX/AEROX/MIOi125/SOULi125 2PH-E681900-00,WALKIN,38.05,30,0,0,30,80
ENGINE,ENG041,CIRCLIP THICK SIZE25 BLACK,BAMC,7,28,0,0,28,30
ENGINE,ENG042,CIRCLIP YSK,ARB18,13,19,0,0,19,30
CLEANER,CLN021,CLEAN CHAM,ONLINE,33.2,0,0,0,0,60
CLUTCH,CLT044,CLUTCH ASSEMBLY MIO 1000RPM - SUN,ARB18,1010,1,0,0,1,1800
CVT,CVT081,CLUTCH BELL CLICK125/CLICK150 - HIRC,WEDZZ,1300,3,0,0,3,1800
CLUTCH,CLT003,CLUTCH BELL M3 / MIOi125 - RS8,WALKIN,900,1,0,0,1,1400
CLUTCH,CLT004,CLUTCH BELL M3 MIOi125 - JVT,WALKIN,1600,0,0,0,0,2200
CLUTCH,CLT005,CLUTCH BELL MIO - RS8,WALKIN,1033,0,0,0,0,1550
CLUTCH,CLT006,CLUTCH BELL NUT MIOi125/M3/NMAX/AEROX - JVT,BAMC,170,3,0,0,3,250
CABLE,CAB083,CLUTCH CABLE CG125 - TAKASAGO,ARB18,62,4,0,0,4,110
CABLE,CAB021,CLUTCH CABLE CG125/TMX125 - KRYON,BAMC,45,0,0,0,0,100
CABLE,CAB020,CLUTCH CABLE CG125/TMX125 - MRTR,PANGMASA,40,1,0,0,1,80
CABLE,CAB022,CLUTCH CABLE CG150 - KRYON,BAMC,40,1,0,0,1,100
CABLE,CAB023,CLUTCH CABLE HD3 - KMN,PANGMASA,32,3,0,0,3,80
CABLE,CAB080,CLUTCH CABLE R150 - MAKOTO,ARB18,61,4,0,0,4,120
CABLE,CAB025,CLUTCH CABLE R150 - SUMO,PANGMASA,40,1,0,0,1,80
CABLE,CAB074,CLUTCH CABLE RAIDER150 - R8,WALKIN,0,1,0,0,1,110
CABLE,CAB026,CLUTCH CABLE RAIDER150 CARB - KRYON,BAMC,53,0,0,0,0,110
CABLE,CAB027,CLUTCH CABLE RAIDER150 FI - OSAKI,BAMC,114,5,0,0,5,180
CABLE,CAB028,CLUTCH CABLE RS100 - KHC,PANGMASA,40,3,0,0,3,80
CABLE,CAB035,CLUTCH CABLE RUSI125/TC125/RUSI150/TC150 - KRYON,BAMC,45,0,0,0,0,100
CABLE,CAB037,CLUTCH CABLE RUSI125/TC125/RUSI150/TC150 - MRTR,PANGMASA,39,0,0,0,0,80
CABLE,CAB034,CLUTCH CABLE RUSI125/TC125/RUSI150/TC150 - OSAKI,BAMC,69,0,0,0,0,120
CABLE,CAB036,CLUTCH CABLE SNIPER150 - YAMAHA,WALKIN,399,1,0,0,1,450
CABLE,CAB077,CLUTCH CABLE TC125 - MAKOTO,ARB18,60,11,0,0,11,120
CABLE,CAB078,CLUTCH CABLE TC150 - MAKOTO,ARB18,59,8,0,0,8,120
CABLE,CAB081,CLUTCH CABLE TMX - MAKOTO,ARB18,53,6,0,0,6,120
CABLE,CAB076,CLUTCH CABLE TMX125/ALPHA - MAKOTO,ARB18,57,0,0,0,0,120
CABLE,CAB040,CLUTCH CABLE TMX150 - KMN,PANGMASA,43,2,0,0,2,85
CABLE,CAB041,CLUTCH CABLE TMX155 - MRTR,BAMC,40,0,0,0,0,100
CABLE,CAB042,CLUTCH CABLE YTX125 - SK,BAMC,74,0,0,0,0,130
CLUTCH,CLT038,CLUTCH DAMPER NMAX/AEROX/M3/SOULi125 2PH-E6629-00,ONLINE,44,0,0,0,0,100
CLUTCH,CLT040,CLUTCH DAMPER NMAX/AEROX/M3/SOULi125 2PH-E6629-00,ONLINE,52.75,12,0,0,12,100
CLUTCH,CLT045,CLUTCH DAMPER NMAX/AEROX/M3/SOULi125 2PH-E6629-00,ONLINE,30,8,0,0,8,100
CLUTCH,CLT048,CLUTCH DAMPER NMAX/AEROX/M3/SOULi125 2PH-E6629-00,ONLINE,36.03,20,0,0,20,100
CLUTCH,CLT053,CLUTCH DISC TMX CG125 4 HOLE - YAKIMOTO,ARB18,195,3,0,0,3,300
CLUTCH,CLT037,CLUTCH HOUSING CLICK/PCX - JVT,ARB18,1566,2,0,0,2,2300
CVT,CVT051,CLUTCH HOUSING CLICK/PCX - JVT,ARB18,1566,1,0,0,1,1950
CLUTCH,CLT039,CLUTCH HOUSING CLICK125/i/150i - SUNTAL,ARB18,318,1,0,0,1,500
CVT,CVT115,CLUTCH HOUSING MIO V1 - JVT,ARB18,1563,2,0,0,2,2300
CLUTCH,CLT035,CLUTCH HOUSING NMAX/AEROX - JVT,ARB18,1526,0,0,0,0,2250
CVT,CVT052,CLUTCH HOUSING NMAX/AEROX - JVT,ARB18,1526,0,0,0,0,1950
CLUTCH,CLT009,CLUTCH HOUSING NUT MIO SPORTY,WALKIN,95,1,0,0,1,125
CLUTCH,CLT010,CLUTCH LEVER ASSY UNIVERSAL - CSL,ARB18,80,4,0,0,4,150
CLUTCH,CLT011,CLUTCH LEVER RUSI125/TC125 LEFT,BAMC,48,2,0,0,2,110
CLUTCH,CLT012,CLUTCH LEVER TMX155 LEFT,BAMC,49,2,0,0,2,110
CLUTCH,CLT013,CLUTCH LEVER TMX155 RIGHT,BAMC,38,2,0,0,2,100
CLUTCH,CLT050,CLUTCH LINING  XRM/WAVE/TMX - TAKASAGO,ARB18,145,3,0,0,3,250
CLUTCH,CLT041,CLUTCH LINING ASSEMBLY MIO M3 - JVT,ARB18,1503,3,0,0,3,2200
CLUTCH,CLT018,CLUTCH LINING ASSY MIOi125 - JVT,WALKIN,1490,1,0,0,1,2000
CLUTCH,CLT019,CLUTCH LINING BAJAJ,WALKIN,120,1,0,0,1,170
CLUTCH,CLT052,CLUTCH LINING C70/LIFAN - MEHOL,ARB18,70,0,0,0,0,170
CLUTCH,CLT014,CLUTCH LINING CT100 - THAI,PANGMASA,93,2,0,0,2,145
CLUTCH,CLT020,CLUTCH LINING DAMPER - JVT,WALKIN,162,1,0,0,1,200
CLUTCH,CLT016,CLUTCH LINING DREAM,WALKIN,130,0,0,0,0,190
CLUTCH,CLT043,CLUTCH LINING SHOE NMAX/AEROX/M3/CLICK - JVT,ARB18,817,0,0,0,0,1300
CLUTCH,CLT023,CLUTCH LINING TMX - THALLAND,WEDZZ,93,0,0,0,0,200
CLUTCH,CLT024,CLUTCH LINING TMX (4IN1)-M - YK,WEDZZ,105,1,0,0,1,205
CLUTCH,CLT049,CLUTCH LINING TMX 5IN1,ARB18,396,1,0,0,1,500
CLUTCH,CLT015,CLUTCH LINING XRM - THAI,PANGMASA,89,1,0,0,1,140
CLUTCH,CLT051,CLUTCH LINING XRM125/WAVE125 - FCC,ARB18,530,2,0,0,2,700
CVT,CVT079,CLUTCH SHOE CLICK - BWIN,WEDZZ,850,3,0,0,3,1200
CLUTCH,CLT027,CLUTCH SHOE NMAX - SUN RACING,WALKIN,880,0,0,0,0,1100
CLUTCH,CLT029,CLUTCH SHOE ONLY NMAX155- SUN,WEDZZ,810,3,0,0,3,1050
CLUTCH,CLT030,CLUTCH SPRING 1000 CUT - MAKOTO,WALKIN,180,0,0,0,0,240
CLUTCH,CLT031,CLUTCH SPRING 1200 CUT - MAKOTO,WALKIN,180,0,0,0,0,240
CVT,CVT077,CLUTCH SPRING BEAT 1200RPM - BWIN,WEDZZ,175,3,0,0,3,280
CVT,CVT072,CLUTCH SPRING CLICK 1000RPM - BWIN,WEDZZ,155,0,0,0,0,260
CVT,CVT073,CLUTCH SPRING CLICK125 1000RPM - BWIN,WEDZZ,160,1,0,0,1,260
CVT,CVT066,CLUTCH SPRING MIO 1000RPM - BWIN,WEDZZ,160,0,0,0,0,260
CVT,CVT075,CLUTCH SPRING MIO 1200RPM - BWIN,WEDZZ,135,3,0,0,3,260
CLUTCH,CLT032,CLUTCH SPRING MIO 1500 RPM - NCY,WALKIN,200,1,0,0,1,280
CVT,CVT071,CLUTCH SPRING MIOM3 1000RPM - BWIN,WEDZZ,160,0,0,0,0,260
CVT,CVT068,CLUTCH SPRING NMAX 1000RPM - BWIN,WEDZZ,175,0,0,0,0,280
CVT,CVT083,CLUTCH SPRING NMAX 1200RPM - HIRC,WEDZZ,170,3,0,0,3,280
ENGINE,ENG043,COLLAR GUIDE NMAXV1 2DP -E7674-00,WALKIN,360,1,0,0,1,480
COOLANT,COOL002,COOLANT,WALKIN,50,0,0,0,0,150
COOLANT,COOL001,COOLANT 500ML - ECO COOL,PANGMASA,95,0,0,0,0,210
COOLANT,COOL003,COOLANT DELO XLI 1L,ARB18,152,1,0,0,1,230
COOLANT,COOL005,COOLANT KOBY SUPER COOLANT 500ML,ARB18,117,2,0,0,2,200
COOLANT,COOL004,COOLANT PINK 1L - KOBY,WEDZZ,160,0,0,0,0,235
ENGINE,ENG045,CRANKCASE COVER AEROX NMAX - GENUINE,WALKIN,2500,1,0,0,1,2800
ENGINE,ENG046,CRANKCASE COVER MIOSPORTY/NOUVO/AMORE - YAMAHA,WALKIN,1700,1,0,0,1,2000
ACCESSORIES,ACS119,CROSS BAR EXTENSION BRACKET BLACK,ONLINE,198.8,4,0,0,4,300
ACCESSORIES,ACS118,CROSS BAR EXTENSION BRACKET BLUE,ONLINE,199.99,2,0,0,2,300
ACCESSORIES,ACS115,CROSS BAR EXTENSION BRACKET GOLD,ONLINE,199.99,0,0,0,0,300
ACCESSORIES,ACS117,CROSS BAR EXTENSION BRACKET RED,ONLINE,199.99,2,0,0,2,300
ACCESSORIES,ACS116,CROSS BAR EXTENSION BRACKET SILVER,ONLINE,199.99,2,0,0,2,300
CLEANER,CLN027,CVT CLEANER 250ML (SMALL) - BWIN,WEDZZ,81,14,0,0,14,150
CLEANER,CLN004,CVT CLEANER 450mL - KOBY,BAMC,106,0,0,0,0,180
CLEANER,CLN023,CVT CLEANER 450mL - KOBY,ARB18,105,43,0,0,43,180
CLEANER,CLN029,CVT CLEANER 600ML - KOBY,WEDZZ,130,0,0,0,0,200
CLEANER,CLN018,CVT CLEANER 600mL - KOBY,ARB18,112,19,0,0,19,220
DAMPER,DMP001,DAMPER ENGINE SUPPORT  MIO,WALKIN,65,1,0,0,1,100
DAMPER,DMP002,DAMPER ENGINE SUPPORT MIO SPORTY,WALKIN,69,1,0,0,1,100
DAMPER,DMP003,DAMPER NMAX V2/AEROX/90388-10808,WALKIN,180,4,0,0,4,280
DAMPER,DMP012,DAMPER RUBBER AX100,PANGMASA,35,2,0,0,2,90
DAMPER,DMP004,DAMPER RUBBER C100,PANGMASA,35,3,0,0,3,90
DAMPER,DMP005,DAMPER RUBBER HD3,PANGMASA,35,2,0,0,2,90
DAMPER,DMP006,DAMPER RUBBER RS100,PANGMASA,35,3,0,0,3,90
DAMPER,DMP007,DAMPER RUBBER SNIPER150,WALKIN,120,2,0,0,2,150
DAMPER,DMP008,DAMPER RUBBER SUPREMO,PANGMASA,55,2,0,0,2,110
DAMPER,DMP009,DAMPER RUBBER W125,PANGMASA,25,2,0,0,2,80
DAMPER,DMP011,DAMPER RUBBER XRM125,PANGMASA,35,3,0,0,3,90
CLEANER,CLN032,DEGREASER 250ml - DBEST,ARB18,76,8,0,0,8,130
CLEANER,CLN006,DEGREASER PINK 250mL,BAMC,60,4,0,0,4,120
CLEANER,CLN007,DEGREASER RED SPEED,ARB18,85,0,0,0,0,150
CLEANER,CLN008,DEGREASER SUPER CLEANER - KOBY,PANGMASA,65,5,0,0,5,120
ELECTRICAL,ELE023,DIODE 1N4007,ONLINE,6,13,0,0,13,15
ENGINE,ENG047,DISC ROTOR R150 SET,WALKIN,620,1,0,0,1,850
ENGINE,ENG050,DRAIN PLUG M3/AEROX/NMAXV2 54P-E5351-00,WALKIN,90,1,0,0,1,150
ENGINE,ENG051,DRAIN PLUG MIO  5VV-E5351-00,WALKIN,120,0,0,0,0,180
ENGINE,ENG048,DRAIN PLUG MIO - CW,PANGMASA,57,3,0,0,3,95
ENGINE,ENG052,DRAIN PLUG SPORTY 28D-E5362-00,WALKIN,63,1,0,0,1,90
ENGINE,ENG184,DRAIN PLUG TMX/XRM - YSK,ARB18,17,5,0,0,5,50
ENGINE,ENG053,DRAIN PLUG W/ GASKET MIO - CW,WALKIN,113,1,0,0,1,160
ENGINE,ENG177,DRIVEN DISC SET SKYGO (SG150-ZK) 22320L,WEDZZ,300,3,0,0,3,600
MISCELLANEOUS,MIS008,DS16 REPAIR KIT,WALKIN,106,0,0,0,0,150
BOLT & NUT,BNT067,DUO CAP CG125,WALKIN,50,19,0,0,19,100
ENGINE,ENG054,DUST SEAL XRM,PANGMASA,20,1,0,0,1,40
ELECTRICAL,ELE396,ELECTRIC TAPE SMALL 0.16X19X4MM - SPEED THAI,WEDZZ,12,0,0,0,0,30
ELECTRICAL,ELE024,ELECTRICAL TAPE NITTO BIG,BAMC,30,0,0,0,0,60
ELECTRICAL,ELE025,ELECTRICAL TAPE NITTO SMALL,ONLINE,8,0,0,0,0,30
ELECTRICAL,ELE312,ELECTRICAL TAPE SMALL,ARB18,2.5,0,0,0,0,30
ELECTRICAL,ELE401,ELECTRICAL TAPE SMALL,ARB18,3,27,0,0,27,15
ACCESSORIES,ACS014,EMBLEM YAMAHA GOLD BIG / 2PK - F413B-00,WALKIN,100,2,0,0,2,180
ENGINE,ENG055,ENGINE VALVE BC175 - SK,WALKIN,90,2,0,0,2,120
ENGINE,ENG056,ENGINE VALVE CB125 - SK,WALKIN,90,1,0,0,1,120
ENGINE,ENG058,ENGINE VALVE GD100 - SK,WALKIN,90,2,0,0,2,120
ENGINE,ENG059,ENGINE VALVE GY6125- YM,WEDZZ,46,5,0,0,5,150
ENGINE,ENG060,ENGINE VALVE MIO - CW,PANGMASA,75,0,0,0,0,130
ENGINE,ENG061,ENGINE VALVE MIO - RBR,WALKIN,75,2,0,0,2,130
ENGINE,ENG174,ENGINE VALVE MIO - SAIYAN,WEDZZ,61,0,0,0,0,120
ENGINE,ENG175,ENGINE VALVE MIO M3 - SAIYAN,WEDZZ,61,0,0,0,0,120
ENGINE,ENG194,ENGINE VALVE MIO/NOUVO - MAKOTO,ARB18,160,4,0,0,4,250
ENGINE,ENG195,ENGINE VALVE MIO125 - YSK,ARB18,68,0,0,0,0,130
ENGINE,ENG200,ENGINE VALVE MIOi125 - MAKOTO,ARB18,165,4,0,0,4,280
ENGINE,ENG201,ENGINE VALVE RUSI125 - YSK,ARB18,69,4,0,0,4,130
ENGINE,ENG062,ENGINE VALVE SUPREMO - SK,WALKIN,90,2,0,0,2,120
ENGINE,ENG063,ENGINE VALVE TMX CDI - CW,PANGMASA,70,1,0,0,1,120
ENGINE,ENG064,ENGINE VALVE TMX OLD - CW,PANGMASA,70,0,0,0,0,120
ENGINE,ENG065,ENGINE VALVE TMX155 14721-KCS-650,WALKIN,1250,1,0,0,1,1500
ENGINE,ENG066,ENGINE VALVE WAVE125 - SW,PANGMASA,75,1,0,0,1,130
ENGINE,ENG067,ENGINE VALVE XRM - RBR,WALKIN,75,0,0,0,0,130
ENGINE,ENG180,ENGINE VALVE XRM - TGO,ARB18,210,2,0,0,2,400
GASKET,GKT001,EXHAUST GASKET MUFFLER GASKET COPPER BIG HOLE TMX,ARB18,5,0,0,0,0,30
GASKET,GKT002,EXHAUST GASKET MUFFLER GASKET COPPER SMALL HOLE XRM,ARB18,4,2,0,0,2,30
GASKET,GKT078,EXHAUST GASKET MUFFLER GASKET COPPER XRM,ONLINE,9.79,29,0,0,29,30
GASKET,GKT079,EXHAUST GASKET MUFFLER GASKET SILVER TMX,ONLINE,9.79,19,0,0,19,30
ENGINE,ENG068,FAN MIO RED LIGHTEN - NCY,WALKIN,290,0,0,0,0,400
ACCESSORIES,ACS015,FENDER FRONT RAIDER150,WALKIN,493,1,0,0,1,620
ELECTRICAL,ELE365,FLASHER AEROX WHITE,WEDZZ,68,3,0,0,3,150
ELECTRICAL,ELE027,FLASHER ASSEMBLY BIG TMX OLD - YM POSH,PANGMASA,55,2,0,0,2,110
ELECTRICAL,ELE028,FLASHER ASSEMBLY SMALL CT100 - OTAKA,PANGMASA,45,4,0,0,4,100
ELECTRICAL,ELE411,FLASHER ASSY WITH RUBBER XRM - YSK,ARB18,45,20,0,0,20,100
ELECTRICAL,ELE370,FLASHER BANANA SMALL ORANGE,WEDZZ,50,4,0,0,4,100
ELECTRICAL,ELE369,FLASHER BANANA SMALL WHITE,WEDZZ,50,4,0,0,4,100
ELECTRICAL,ELE428,FLASHER BULB ORDINARY YSK/G18 KRYON,ARB18,6,38,0,0,38,25
ELECTRICAL,ELE298,FLASHER NO SOUND - JRS,ARB18,39,4,0,0,4,80
ELECTRICAL,ELE394,FLASHER RELAY W/ ADJUSTER - SAIYAN,WEDZZ,34,20,0,0,20,80
ELECTRICAL,ELE395,FLASHER RELAY W/OUT SOUND - SAIYAN,WEDZZ,27,19,0,0,19,60
ELECTRICAL,ELE368,FLASHER RUSI WHITE BIG,WEDZZ,70,2,0,0,2,150
ELECTRICAL,ELE371,FLASHER TMX MINI WHITE,WEDZZ,50,3,0,0,3,100
ELECTRICAL,ELE306,FLASHER WITH SOUND - CSL,ARB18,35,7,0,0,7,10
ACCESSORIES,ACS164,FLAT EXTENION BAR THICK ASSORTED,WEDZZ,35,2,0,0,2,80
ACCESSORIES,ACS166,FLAT EXTENSION BAR THICK ASSORTED,ARB18,47,16,0,0,16,100
ACCESSORIES,ACS120,FLAT EXTENSION BAR THICK BLACK,WALKIN,30.78,0,0,0,0,80
ACCESSORIES,ACS124,FLAT EXTENSION BAR THICK BLUE,ONLINE,30.78,4,0,0,4,80
ACCESSORIES,ACS123,FLAT EXTENSION BAR THICK GOLD,ONLINE,30.78,2,0,0,2,80
ACCESSORIES,ACS122,FLAT EXTENSION BAR THICK RED,ONLINE,30.78,4,0,0,4,80
ACCESSORIES,ACS121,FLAT EXTENSION BAR THICK SILVER,ONLINE,30.78,0,0,0,0,80
ACCESSORIES,ACS130,FLAT EXTENSION BAR THIN BLACK,ONLINE,23.15,2,0,0,2,70
ACCESSORIES,ACS126,FLAT EXTENSION BAR THIN BLUE,ONLINE,23.15,5,0,0,5,70
ACCESSORIES,ACS129,FLAT EXTENSION BAR THIN GOLD,ONLINE,23.15,5,0,0,5,70
ACCESSORIES,ACS125,FLAT EXTENSION BAR THIN ORANGE,ONLINE,23.15,5,0,0,5,70
ACCESSORIES,ACS128,FLAT EXTENSION BAR THIN RED,ONLINE,23.15,5,0,0,5,70
ACCESSORIES,ACS127,FLAT EXTENSION BAR THIN SILVER,ONLINE,23.15,4,0,0,4,70
CVT,CVT037,FLYBALL  AEROX/NMAX/M3 10G - MAKOTO,WALKIN,207,1,0,0,1,360
CVT,CVT093,FLYBALL  AEROX/NMAX/M3 8G - SUN,WEDZZ,305,3,0,0,3,450
CVT,CVT013,FLYBALL 9G (MIO SPORTY) - RS8,WALKIN,250,1,0,0,1,320
CVT,CVT123,FLYBALL AEROX/NMAX/M3 10G - JVT,ARB18,317,2,0,0,2,450
CVT,CVT061,FLYBALL AEROX/NMAX/M3 10G - SUN,ARB18,298,0,0,0,0,420
CVT,CVT124,FLYBALL AEROX/NMAX/M3 11G - JVT,ARB18,317,3,0,0,3,450
CVT,CVT014,FLYBALL AEROX/NMAX/M3 11G - MAKOTO,WALKIN,276,0,0,0,0,330
CVT,CVT063,FLYBALL AEROX/NMAX/M3 11G - SUN,ARB18,298,0,0,0,0,420
CVT,CVT095,FLYBALL AEROX/NMAX/M3 11G - SUN,WEDZZ,305,0,0,0,0,450
CVT,CVT133,FLYBALL AEROX/NMAX/M3 12G - JVT,ARB18,317,4,0,0,4,450
CVT,CVT064,FLYBALL AEROX/NMAX/M3 12G - SUN,ARB18,298,0,0,0,0,420
CVT,CVT096,FLYBALL AEROX/NMAX/M3 12G - SUN,WEDZZ,305,1,0,0,1,450
CVT,CVT103,FLYBALL AEROX/NMAX/M3 13G - BWIN,WEDZZ,180,1,0,0,1,290
CVT,CVT065,FLYBALL AEROX/NMAX/M3 13G - JVT,ARB18,317,6,0,0,6,450
CVT,CVT017,FLYBALL AEROX/NMAX/M3 13G - MRTR,WALKIN,390,1,0,0,1,450
CVT,CVT018,FLYBALL AEROX/NMAX/M3 8G - JVT,WALKIN,390,0,0,0,0,450
CVT,CVT060,FLYBALL AEROX/NMAX/M3 9G - JVT,ARB18,317,0,0,0,0,450
CVT,CVT094,FLYBALL AEROX/NMAX/M3 9G - SUN,WEDZZ,305,1,0,0,1,450
CVT,CVT019,FLYBALL BEAT - CW,PANGMASA,110,0,0,0,0,160
CVT,CVT104,FLYBALL BEATFI/GY6 11G - ZENO,WEDZZ,214,0,0,0,0,325
CVT,CVT105,FLYBALL BEATFI/GY6 12G - ZENO,WEDZZ,214,1,0,0,1,325
CVT,CVT106,FLYBALL BEATFI/GY6 13G - ZENO,WEDZZ,214,2,0,0,2,325
CVT,CVT107,FLYBALL BEATFI/GY6 14G - ZENO,WEDZZ,214,3,0,0,3,325
CVT,CVT108,FLYBALL BEATFI/GY6 15G - ZENO,WEDZZ,214,3,0,0,3,325
CVT,CVT021,FLYBALL CLICK 11G - MTR,PANGMASA,120,1,0,0,1,250
CVT,CVT097,FLYBALL CLICK 11G - SUN,WEDZZ,305,0,0,0,0,450
CVT,CVT022,FLYBALL CLICK 12G - MTR,PANGMASA,120,0,0,0,0,250
CVT,CVT098,FLYBALL CLICK 12G - SUN,WEDZZ,305,0,0,0,0,450
CVT,CVT023,FLYBALL CLICK 15G CUT - MAKOTO,WALKIN,348,1,0,0,1,450
CVT,CVT099,FLYBALL CLICK 16G - SUN,WEDZZ,305,1,0,0,1,450
CVT,CVT100,FLYBALL CLICK 17G - SUN,WEDZZ,305,3,0,0,3,450
CVT,CVT101,FLYBALL CLICK 20G - SUN,WEDZZ,305,3,0,0,3,450
CVT,CVT109,FLYBALL CLICK125/SKYDRIVE 13G - ZENO,WEDZZ,263,0,0,0,0,375
CVT,CVT110,FLYBALL CLICK125/SKYDRIVE 14G - ZENO,WEDZZ,263,0,0,0,0,375
CVT,CVT111,FLYBALL CLICK125/SKYDRIVE 18G - ZENO,WEDZZ,263,3,0,0,3,375
CVT,CVT118,FLYBALL HONDA CLICK/PCX/ADV 12G - JVT,ARB18,317,3,0,0,3,450
CVT,CVT119,FLYBALL HONDA CLICK/PCX/ADV 13G - JVT,ARB18,317,1,0,0,1,450
CVT,CVT120,FLYBALL HONDA CLICK/PCX/ADV 14G - JVT,ARB18,317,6,0,0,6,450
CVT,CVT132,FLYBALL HONDA CLICK/PCX/ADV 15G - JVT,ARB18,317,3,0,0,3,450
CVT,CVT121,FLYBALL HONDA CLICK/PCX/ADV 19G - JVT,ARB18,317,3,0,0,3,450
CVT,CVT024,FLYBALL KVB-1100 - ASPIRA,PANGMASA,684,2,0,0,2,800
CVT,CVT025,FLYBALL KWN-1100 - ASPIRA,PANGMASA,393,2,0,0,2,500
CVT,CVT026,FLYBALL MI0125/Mxi/MIOi125/AEROX/NMAX/SOULi125 12G - RS8,BAMC,200,1,0,0,1,330
CVT,CVT027,FLYBALL MI0125/Mxi/MIOi125/AEROX/NMAX/SOULi125 13G - LAZX,BAMC,100,0,0,0,0,180
CVT,CVT028,FLYBALL MIO 10G - RS8,WALKIN,250,1,0,0,1,320
CVT,CVT092,FLYBALL MIO 10G - SUN,WEDZZ,200,1,0,0,1,350
CVT,CVT117,FLYBALL MIO 11G - JVT,ARB18,279,3,0,0,3,400
CVT,CVT029,FLYBALL MIO 11G - JVT,WALKIN,280,1,0,0,1,380
CVT,CVT089,FLYBALL MIO 6G - SUN,WEDZZ,200,3,0,0,3,350
CVT,CVT030,FLYBALL MIO 7G - JVT,WALKIN,280,1,0,0,1,380
CVT,CVT090,FLYBALL MIO 7G - SUN,WEDZZ,200,1,0,0,1,350
CVT,CVT102,FLYBALL MIO 8G - BWIN,WEDZZ,165,1,0,0,1,280
CVT,CVT122,FLYBALL MIO 8G - JVT,ARB18,279,0,0,0,0,400
CVT,CVT032,FLYBALL MIO 8G - NCY,WALKIN,250,0,0,0,0,380
CVT,CVT033,FLYBALL MIO 8G CUT - MAKOTO,WALKIN,188,0,0,0,0,250
CVT,CVT034,FLYBALL MIO 9G - JVT,WALKIN,280,1,0,0,1,380
CVT,CVT091,FLYBALL MIO 9G - SUN,WEDZZ,200,0,0,0,0,350
CVT,CVT035,FLYBALL MIO AMORE/SPORTY/SOULi125 9G - RS8,BAMC,170,0,0,0,0,300
CVT,CVT036,FLYBALL MIO SPORTY 9G CUT - MAKOTO,WALKIN,188,1,0,0,1,250
CVT,CVT040,FLYBALL SKYDRIVE 13G - MTR,PANGMASA,120,0,0,0,0,250
CVT,CVT056,FLYBALL SKYDRIVE/PCX125/CLICK125 10G - SUN,ARB18,299,2,0,0,2,420
CVT,CVT057,FLYBALL SKYDRIVE/PCX125/CLICK125 10G - SUN,ARB18,298,2,0,0,2,420
CVT,CVT058,FLYBALL SKYDRIVE/PCX125/CLICK125 12G - SUN,ARB18,298,0,0,0,0,420
CVT,CVT059,FLYBALL SKYDRIVE/PCX125/CLICK125 13G - SUN,ARB18,298,1,0,0,1,420
CVT,CVT041,FLYBALL SKYDRIVE/PCX125/CLICK125 14G - RS8,BAMC,280,1,0,0,1,400
CVT,CVT042,FLYBALL SKYDRIVE/PCX125/CLICK125 15G - RS8,BAMC,280,1,0,0,1,400
CVT,CVT055,FLYBALL SKYDRIVE/PCX125/CLICK125 9G - SUN,ARB18,298,2,0,0,2,420
ACCESSORIES,ACS104,FOOT REST RUBBER REAR TMX SUPREMO - KRYON,BAMC,65,1,0,0,1,130
ACCESSORIES,ACS103,FOOT REST RUBBER REAR TMX155 - OTAKAA,BAMC,80,3,0,0,3,150
ACCESSORIES,ACS102,FOOT REST RUBBER REAR WAVE125 - NO BRAND,BAMC,56,4,0,0,4,120
ACCESSORIES,ACS017,FOOT REST RUBBER TMX - KHC,PANGMASA,45,0,0,0,0,100
OIL,OIL001,FORK OIL AUTOLUBE,BAMC,36,1,0,0,1,70
OIL,OIL002,FORK OIL FAITO,WALKIN,201,1,0,0,1,250
OIL,OIL102,FORK OIL PETRON 200mL,ARB18,41,0,0,0,0,90
OIL,OIL003,FORK OIL SUN RACING,ARB18,46,1,0,0,1,90
OIL,OIL100,FORK OIL VOLGA 200mL,WEDZZ,33,2,0,0,2,70
FUEL,FUE001,FUEL COCK CG125 - YAOGUANG,WEDZZ,44,3,0,0,3,140
FUEL,FUE002,FUEL COCK CRYPTON - YAOGUANG,WEDZZ,68,5,0,0,5,145
FUEL,FUE003,FUEL COCK FURY125 - YAOGUANG,WEDZZ,60,3,0,0,3,140
FUEL,FUE004,FUEL COCK GY6125 - YAOGUANG,WEDZZ,45,4,0,0,4,140
FUEL,FUE005,FUEL COCK HD3 - HALO,WEDZZ,78,5,0,0,5,165
FUEL,FUE006,FUEL COCK MIO SOUL - YAOGUANG,WEDZZ,75,2,0,0,2,145
FUEL,FUE008,FUEL COCK SHOGUN - YAOGUANG,WEDZZ,60,3,0,0,3,140
FUEL,FUE009,FUEL COCK TMX NEW - SW,WEDZZ,65,1,0,0,1,130
FUEL,FUE010,FUEL COCK UNIVERSAL - YAOGUANG,WEDZZ,45,4,0,0,4,140
FUEL,FUE011,FUEL COCK WAVE125 - YAOGUANG,WEDZZ,47,0,0,0,0,120
FUEL,FUE012,FUEL COCK X4 GP125 - YAOGUANG,WEDZZ,60,3,0,0,3,140
FUEL,FUE013,FUEL COCK XRM - YAOGUANG,WEDZZ,60,4,0,0,4,100
FILTER,FIL020,FUEL FILTER,WALKIN,30,1,0,0,1,80
FILTER,FIL021,FUEL FILTER AEROX MIO 155 - MAX RPM,WALKIN,140,4,0,0,4,200
FILTER,FIL022,FUEL FILTER CLICK R5/150 - MAX RPM,WALKIN,150,0,0,0,0,200
FILTER,FIL023,FUEL FILTER MAKOTO XRM R5/CLICK 125,WALKIN,140,2,0,0,2,190
FILTER,FIL024,FUEL FILTER NEW BEAT F1 - MAX RPM,WALKIN,150,2,0,0,2,200
FILTER,FIL025,FUEL FILTER ONLY,PANGMASA,5,80,0,0,80,40
FILTER,FIL027,FUEL FILTER RAIDER 150 F1 - MAX RPM,WALKIN,150,2,0,0,2,200
FILTER,FIL028,FUEL FILTER W/HOSE,WEDZZ,12,6,0,0,6,50
FUEL,FUE020,FUEL HOSE - MSB,ARB18,4.17,18,120,0,138,10
FUEL,FUE015,FUEL HOSE DOUBLE LAYER GREY,ARB18,4.3,0,0,0,0,30
FUEL,FUE019,FUEL HOSE PLASTIC BLACK,WEDZZ,4.9,0,0,0,0,30
ENGINE,ENG069,FUEL INJECTOR / 507 - E3761 - 00 NMAX,WALKIN,850,1,0,0,1,1100
FUEL,FUE017,FUEL MIO  - SW,WEDZZ,77,1,0,0,1,160
ELECTRICAL,ELE029,FUSE BIG 10 AMP,WALKIN,8,37,0,0,37,15
ELECTRICAL,ELE030,FUSE BIG 15 AMP,WALKIN,8,19,0,0,19,15
ELECTRICAL,ELE031,FUSE BIG 20 AMP,WALKIN,8,18,0,0,18,15
ELECTRICAL,ELE297,FUSE BOX ROUND - FOR GLASS,ARB18,17,27,0,0,27,30
ELECTRICAL,ELE391,FUSE FLAT 10A BIG RED,WEDZZ,1.5,297,0,0,297,15
ELECTRICAL,ELE388,FUSE FLAT 10A MINI RED,WEDZZ,1.5,578,0,0,578,15
ELECTRICAL,ELE392,FUSE FLAT 15A BIG BLUE,WEDZZ,1.5,297,0,0,297,15
ELECTRICAL,ELE389,FUSE FLAT 15A MINI BLUE,WEDZZ,1.5,580,0,0,580,15
ELECTRICAL,ELE390,FUSE FLAT 20A BIG YELLOW,WEDZZ,1.5,291,0,0,291,15
ELECTRICAL,ELE387,FUSE FLAT 20A MINI YELLOW,WEDZZ,1.5,592,0,0,592,15
ELECTRICAL,ELE319,FUSE FLAT PLUG IN 10A/15A/20A,ARB18,3.5,50,0,0,50,15
ELECTRICAL,ELE032,FUSE GLASS,PANGMASA,2,317,0,0,317,7
ELECTRICAL,ELE385,FUSE GLASS 15A,WEDZZ,1.5,265,0,0,265,7
ELECTRICAL,ELE386,FUSE GLASS 25A,WEDZZ,1.5,293,0,0,293,7
ELECTRICAL,ELE033,FUSE HOLDER FLAT BLACK RED,BAMC,25,4,0,0,4,50
ELECTRICAL,ELE034,FUSE HOLDER SQUARE SMALL,WALKIN,125,5,0,0,5,180
ELECTRICAL,ELE035,FUSE HOLDER TUBE TYPE,WALKIN,10,2,0,0,2,25
ELECTRICAL,ELE036,FUSE MINI 2A / B65-H2151-80,WALKIN,47,2,0,0,2,75
ELECTRICAL,ELE037,FUSE MINI 7.5,WALKIN,25,4,0,0,4,45
ELECTRICAL,ELE038,FUSE SMALL 10 AMP,WALKIN,9,16,0,0,16,15
ELECTRICAL,ELE039,FUSE SMALL 15 AMP,WALKIN,9,0,0,0,0,15
ELECTRICAL,ELE040,FUSE SMALL 20 AMP,WALKIN,9,9,0,0,9,15
ACCESSORIES,ACS018,GARNISH CLICK 125 CARBON,WALKIN,240,1,0,0,1,300
GASKET,GKT003,GASKET BASE (SNIPER135/150),WALKIN,73,1,0,0,1,95
GASKET,GKT004,GASKET BASE AEROX/NMAX V1&V2 / YAMAHA B6H-E1351-00,WALKIN,50,2,0,0,2,120
GASKET,GKT090,GASKET BASE MIO - APPLE,ARB18,19,8,0,0,8,100
GASKET,GKT005,GASKET BASE MIO M3 i125,WALKIN,58,1,0,0,1,90
GASKET,GKT006,GASKET BASE MIO SPORTY YAMAHA 5LW-E1351-00,WALKIN,50,0,0,0,0,120
GASKET,GKT007,GASKET BASE MIOM3/MIOSOUL 2PH-E1351-01,WALKIN,50,1,0,0,1,120
GASKET,GKT010,GASKET CYLINDER  AEROX/NMAX V1&V2 / YAMAHA B65-E1351-10,WALKIN,50,1,0,0,1,120
GASKET,GKT011,GASKET CYLINDER  CLICK125/150 PCX150 - HONDA 12191-KZR-600,WALKIN,50,1,0,0,1,120
GASKET,GKT009,GASKET CYLINDER AEROX155,WALKIN,103,2,0,0,2,170
GASKET,GKT013,GASKET CYLINDER BASE NMAX155 NMAX V2,WALKIN,63,2,0,0,2,150
GASKET,GKT014,GASKET CYLINDER HEAD AEROX,WALKIN,235,2,0,0,2,400
GASKET,GKT015,GASKET CYLINDER HEAD CLICK125i - HONDA 12251-KZR-601,WALKIN,100,1,0,0,1,180
GASKET,GKT017,GASKET CYLINDER HEAD MIO SPORTY,WALKIN,83,2,0,0,2,150
GASKET,GKT018,GASKET CYLINDER HEAD NMAX AEROX MT15 - B3F-E1193-00,WALKIN,300,2,0,0,2,400
GASKET,GKT019,GASKET CYLINDER HEAD NMAX/R15 V3,WALKIN,148,1,0,0,1,250
GASKET,GKT092,GASKET CYLINDER MIO - APPLE,ARB18,127,4,0,0,4,250
GASKET,GKT012,GASKET CYLINDER SNIPER150,WALKIN,83,1,0,0,1,150
GASKET,GKT088,GASKET MAKER - THREE BOND,ARB18,47,0,0,0,0,80
GASKET,GKT021,GASKET MAKER LIQUID GASKET,BAMC,18,1,0,0,1,40
GASKET,GKT023,GASKET OVERHAULING - TMX125 ALPHA - TAKASAGO,BAMC,149,3,0,0,3,250
GASKET,GKT022,GASKET OVERHAULING TMX - GRS,PANGMASA,49,1,0,0,1,150
GASKET,GKT024,GASKET SET ENGINE CLICK,WALKIN,311,1,0,0,1,450
OIL,OIL005,GEAR OIL - JVT,ARB18,47,0,30,0,30,110
OIL,OIL006,GEAR OIL KOBY 100mL,BAMC,52,0,0,0,0,110
OIL,OIL007,GEAR OIL RS8 SCOOTER RACING 120mL,ARB18,52,3,30,0,33,110
OIL,OIL062,GEAR OIL RS8 SCOOTER RACING 120mL,WALKIN,40,0,0,0,0,110
OIL,OIL096,GEAR OIL RS8 SCOOTER RACING 120mL,WEDZZ,50,0,0,0,0,110
OIL,OIL009,GEAR OIL YAMALUBE 100mL,ARB18,61,6,36,2,40,110
OIL,OIL055,GEAR OIL YAMALUBE 100mL,ONLINE,33.15,0,0,0,0,110
WHEEL,WHL004,GEAR SPEEDOMETER BOX MIO,WALKIN,124,0,0,0,0,200
WHEEL,WHL005,GEAR SPEEDOMETER WAVE 125,WALKIN,180,1,0,0,1,250
WHEEL,WHL006,GEARINGS NMAX/AEROX 12-33 - RS8,WALKIN,1804,1,0,0,1,2250
WHEEL,WHL007,GEARINGS NMAX/AEROX 13-38 - RS8,WALKIN,1804,1,0,0,1,2250
OIL,OIL011,GREASE - BLACK CUP,PANGMASA,6,0,0,0,0,15
OIL,OIL013,GREASE HI-TEMP - KOBY,BAMC,10,0,0,0,0,30
OIL,OIL014,GREASE HI-TEMP - MOTOTEK,ARB18,13,0,0,0,0,30
OIL,OIL101,GREASE HI-TEMP 10G - KOBY,WEDZZ,9,0,0,0,0,30
OIL,OIL057,GREASE PACK,ARB18,4.5,0,0,0,0,20
OIL,OIL086,GREASE PACK,WEDZZ,5,37,0,0,37,15
ACCESSORIES,ACS019,HAND GRIP - ARIETE,PANGMASA,70,0,0,0,0,150
ACCESSORIES,ACS020,HAND GRIP - DOMINO,PANGMASA,59,0,0,0,0,130
ACCESSORIES,ACS024,HAND GRIP - YAMAHA,WALKIN,217,5,0,0,5,280
ACCESSORIES,ACS025,HAND GRIP - YOKOWINA,PANGMASA,80,1,0,0,1,200
ACCESSORIES,ACS094,HAND GRIP BLACK  - ARIETE,ONLINE,62.52,0,0,0,0,160
ACCESSORIES,ACS165,HAND GRIP BLACK MONSTER,ONLINE,55,2,0,0,2,150
ACCESSORIES,ACS026,HAND GRIP BLACK RETRO - NO BRAND,BAMC,60,0,0,0,0,160
ACCESSORIES,ACS095,HAND GRIP BLACK RETRO - NO BRAND,ONLINE,64.62,9,0,0,9,160
ACCESSORIES,ACS093,HAND GRIP BLACK WITH LOGO - DOMINO,ONLINE,58.33,4,0,0,4,160
ACCESSORIES,ACS027,HAND GRIP BLUE - ARIETE (BROWN BOX),BAMC,75,0,0,0,0,150
ACCESSORIES,ACS029,HAND GRIP CARBON BLACK - DOMINO,BAMC,80,0,0,0,0,180
ACCESSORIES,ACS030,HAND GRIP CARBON ORANGE - DOMINO,BAMC,80,2,0,0,2,180
ACCESSORIES,ACS031,HAND GRIP CARBON PINK - DOMINO,BAMC,80,6,0,0,6,180
ACCESSORIES,ACS032,HAND GRIP CARBON RED - DOMINO,BAMC,80,0,0,0,0,180
ACCESSORIES,ACS033,HAND GRIP CARBON YELLOW - DOMINO,BAMC,75,3,0,0,3,170
ACCESSORIES,ACS152,HAND GRIP DOMINO & GRIPPY MIXED,WALKIN,50,0,0,0,0,100
ACCESSORIES,ACS034,HAND GRIP GOLD ALLOY - SHARK KING,BAMC,90,0,0,0,0,180
ACCESSORIES,ACS035,HAND GRIP GREY FULL - DOMINO,BAMC,65,0,0,0,0,160
ACCESSORIES,ACS036,HAND GRIP LEFT,WALKIN,90,1,0,0,1,150
ACCESSORIES,ACS037,HAND GRIP PINK FULL - DOMINO,BAMC,70,1,0,0,1,170
ACCESSORIES,ACS038,HAND GRIP RED - DOMINO,BAMC,80,4,0,0,4,180
ACCESSORIES,ACS040,HAND GRIP RIGHT,WALKIN,95,0,0,0,0,150
ACCESSORIES,ACS041,HAND GRIP SILVER ALLOY - SHARK KING,BAMC,90,0,0,0,0,180
ACCESSORIES,ACS167,HANDLE GRIP OKIMURA VIP,ARB18,90,16,0,0,16,180
ELECTRICAL,ELE041,HANDLE SWITCH AEROX - DOMINO,BAMC,320,0,0,0,0,500
ELECTRICAL,ELE423,HANDLE SWITCH ASSY. RUSI TC125 L/R - C.A. SWM,ARB18,260,2,0,0,2,400
ELECTRICAL,ELE422,HANDLE SWITCH ASSY. TMX125 LH - COMP. SUNTAL,ARB18,166,3,0,0,3,270
ELECTRICAL,ELE421,HANDLE SWITCH ASSY. TMX125 RH - KRYON/YSK,ARB18,150,1,0,0,1,250
ELECTRICAL,ELE042,HANDLE SWITCH CLICK - DOMINO,WALKIN,341,1,0,0,1,500
ELECTRICAL,ELE043,HANDLE SWITCH SET CARBON MIO - KITAKO,WEDZZ,260,1,0,0,1,390
ELECTRICAL,ELE044,HANDLE SWITCH SET RUSI - DEXIN,PANGMASA,220,0,0,0,0,370
ELECTRICAL,ELE047,HANDLE SWITCH SET TMX125 - DEXIN,PANGMASA,220,1,0,0,1,370
ELECTRICAL,ELE048,HANDLE SWITCH SET TMX155 ORDINARY,WEDZZ,270,0,0,0,0,400
ELECTRICAL,ELE049,HANDLE SWITCH SET XRM - FORTUNE,WEDZZ,245,2,0,0,2,380
ELECTRICAL,ELE050,HARNESS WIRE CT100 - YK,WEDZZ,280,1,0,0,1,450
ELECTRICAL,ELE051,HARNESS WIRE MIO - YK,WEDZZ,280,0,0,0,0,450
ELECTRICAL,ELE052,HARNESS WIRE RUSI125 - KHC,PANGMASA,270,2,0,0,2,450
ELECTRICAL,ELE053,HARNESS WIRE RUSI125 - YK,WEDZZ,260,2,0,0,2,440
ELECTRICAL,ELE054,HARNESS WIRE RUSI150 - KHC,PANGMASA,346,2,0,0,2,530
ELECTRICAL,ELE055,HARNESS WIRE RUSI150 - YK,WEDZZ,270,1,0,0,1,450
ELECTRICAL,ELE057,HARNESS WIRE W110 - YK,WEDZZ,260,1,0,0,1,430
ELECTRICAL,ELE058,HARNESS WIRE XRM110,PANGMASA,280,2,0,0,2,430
ELECTRICAL,ELE060,HEAD LIGHT ASSEMBLY LED 6 BULB TMX,ONLINE,120,2,0,0,2,250
ELECTRICAL,ELE061,HEAD LIGHT BRACKET (CAFÉ RACER),WALKIN,96,1,0,0,1,150
ACCESSORIES,ACS155,HEAT GUARD,WALKIN,100,2,0,0,2,200
CLEANER,CLN009,HELMET DEODORANT - KOBY,BAMC,98,4,0,0,4,200
CLEANER,CLN031,HELMET DISINFETING FOAM - KOBY,ARB18,109,10,0,0,10,220
CLEANER,CLN011,HELMET DISINFETING FOAM - KOBY,BAMC,117,0,0,0,0,220
BOLT & NUT,BNT008,HENG 6X40 G,WALKIN,45,14,0,0,14,75
BOLT & NUT,BNT009,HENG 6X40 WG,WALKIN,45,11,0,0,11,75
BOLT & NUT,BNT011,HENG 6X45 G,WALKIN,48,19,0,0,19,85
BOLT & NUT,BNT012,HENG AIRBOX SCREW G,WALKIN,43,0,0,0,0,60
BOLT & NUT,BNT013,HENG AIRBOX SCREW WG,WALKIN,43,0,0,0,0,60
BOLT & NUT,BNT015,HENG BODY BOLT HONDA G,WALKIN,19,0,0,0,0,28
BOLT & NUT,BNT016,HENG BODY BOLTS HONDA WG,WALKIN,19,1,0,0,1,28
BOLT & NUT,BNT017,HENG BODY BOLTS YAMAHA FLOWER WG,WALKIN,18,0,0,0,0,28
BOLT & NUT,BNT019,HENG BODY BOLTS YAMAHA SPIRAL WG,WALKIN,18,0,0,0,0,28
BOLT & NUT,BNT020,HENG BRAKE FLUID BOLT WG,WALKIN,50,1,0,0,1,55
BOLT & NUT,BNT021,HENG CABLE ADJUSTER G,WALKIN,190,2,0,0,2,280
BOLT & NUT,BNT022,HENG CALIPER BLEEDER G,WALKIN,65,5,0,0,5,110
BOLT & NUT,BNT023,HENG CALIPER BLEEDER WG,WALKIN,65,1,0,0,1,75
BOLT & NUT,BNT024,HENG CALIPER PIN MIO G,WALKIN,65,6,0,0,6,120
BOLT & NUT,BNT025,HENG CALIPER PIN MIO WG,WALKIN,65,4,0,0,4,120
BOLT & NUT,BNT026,HENG CALIPER PIN WAVE GOLD,WALKIN,140,2,0,0,2,190
BOLT & NUT,BNT027,HENG CENTER NUT/SONIC/ZOOMEN,WALKIN,270,2,0,0,2,420
BOLT & NUT,BNT028,HENG CLUTCH ADJUSTER GOLD,WALKIN,190,3,0,0,3,250
BOLT & NUT,BNT029,HENG CLUTCH ADJUSTER WG,WALKIN,190,3,0,0,3,250
BOLT & NUT,BNT033,HENG DUO CAP RAIDER 150 GOLD,WALKIN,280,1,0,0,1,350
BOLT & NUT,BNT034,HENG DUO CAP RAIDER FI WG,WALKIN,270,0,0,0,0,340
BOLT & NUT,BNT036,HENG ENGINE OIL BOLT WG,WALKIN,125,2,0,0,2,220
BOLT & NUT,BNT037,HENG GEAR OIL BOLT G WAVE,WALKIN,70,0,0,0,0,100
BOLT & NUT,BNT039,HENG GEAR OIL BOLT WG,WALKIN,115,2,0,0,2,225
BOLT & NUT,BNT040,HENG HEAD NUT BOLT WG,WALKIN,65,3,0,0,3,120
BOLT & NUT,BNT041,HENG HELMET HOOK WG,WALKIN,60,1,0,0,1,120
BOLT & NUT,BNT042,HENG INNER TUBE BOLT RAIDER 150 G,WALKIN,270,4,0,0,4,350
BOLT & NUT,BNT043,HENG INNER TUBE BOLT RS SONIC G,WALKIN,280,2,0,0,2,360
BOLT & NUT,BNT044,HENG LEVER BOLT HONDA/RAIDER/NMAX/XMAX,WALKIN,145,1,0,0,1,300
BOLT & NUT,BNT045,HENG LEVER BOLTS CLICK 125/150,WALKIN,145,1,0,0,1,230
BOLT & NUT,BNT046,HENG NUT 12MM,WALKIN,55,2,0,0,2,60
BOLT & NUT,BNT047,HENG REAR NUT G M3/AEROX/NMAX/CLICK,WALKIN,210,1,0,0,1,280
BOLT & NUT,BNT048,HENG SENSOR BOLTS WHEEL SENSOR,WALKIN,190,3,0,0,3,450
BOLT & NUT,BNT050,HENG WINDSHIELD BOLT G,WALKIN,42,6,0,0,6,65
BOLT & NUT,BNT051,HENG WINDSHIELD BOLT WG,WALKIN,42,5,0,0,5,65
BOLT & NUT,BNT052,HENG YAMAHA SIDE MIRROR BOLT G,WALKIN,150,6,0,0,6,250
BOLT & NUT,BNT053,HENG YAMAHA SIDE MIRROR BOLT WG,WALKIN,150,6,0,0,6,250
ELECTRICAL,ELE063,HORN - BSEOCH,BAMC,180,0,0,0,0,300
ELECTRICAL,ELE244,HORN AIR ELECTRICAL MACHINE WITH RELAY,ONLINE,402.37,3,0,0,3,800
ELECTRICAL,ELE360,HORN BOSCH EUROPA,WEDZZ,2500,1,0,0,1,3200
ELECTRICAL,ELE064,HORN BOSCH EVOLUTION,WEDZZ,450,0,0,0,0,650
ELECTRICAL,ELE238,HORN BOSCH EVOLUTION,ONLINE,578,0,0,0,0,650
ELECTRICAL,ELE241,HORN BOSCH FC2 COMPACT HORN,ONLINE,367,0,0,0,0,600
ELECTRICAL,ELE361,HORN BOSCH HORN EVOLUTION,WEDZZ,450,1,0,0,1,700
ELECTRICAL,ELE066,HORN MOCC,PANGMASA,150,0,0,0,0,220
ELECTRICAL,ELE408,HORN ODINARY DUAL/TWIN,ARB18,152,3,0,0,3,250
ELECTRICAL,ELE067,HORN ORDINARY - HALO,WEDZZ,34,1,0,0,1,80
ELECTRICAL,ELE235,HORN PIAA,ONLINE,277.28,12,0,0,12,600
ELECTRICAL,ELE068,HORN PIAA OTOSTYLE HORN,WEDZZ,599,0,0,0,0,900
ELECTRICAL,ELE343,HORN RELAY 4PIN - SAIYAN,WEDZZ,28,40,0,0,40,60
ELECTRICAL,ELE345,HORN RELAY 5PIN - SAIYAN,WEDZZ,28,16,0,0,16,60
ELECTRICAL,ELE407,HORN SINGLE OBIG - CSL,ARB18,75,1,0,0,1,130
ELECTRICAL,ELE070,HORN SMOK VIPER - SMOK,WEDZZ,310,1,0,0,1,500
WHEEL,WHL008,HUB BUSHING STEEL TMX,PANGMASA,45,1,0,0,1,100
WHEEL,WHL010,HUB DAMPER RS,WALKIN,100,1,0,0,1,180
WHEEL,WHL013,HUB FRONT CT100 BAJAJ,BAMC,531,1,0,0,1,750
WHEEL,WHL012,HUB FRONT W/ 2 BEARING & AXLE SLEEVE TMX155 - SW,WEDZZ,720,1,0,0,1,920
WHEEL,WHL015,HUB M3 F/R - CHIKADA,WALKIN,1700,1,0,0,1,2200
WHEEL,WHL016,HUB M3 F/R - PZTECH,WALKIN,1555,1,0,0,1,2000
WHEEL,WHL017,HUB MIO F/R - SMOK,WALKIN,1555,1,0,0,1,2100
WHEEL,WHL018,HUB NMAX 2020 F/R - PZTECH,WALKIN,2100,1,0,0,1,2600
WHEEL,WHL021,HUB REAR TMX 125 - GRS,WEDZZ,452,1,0,0,1,750
WHEEL,WHL023,HUB REAR TMX 155 - MRTR,PANGMASA,620,2,0,0,2,850
WHEEL,WHL024,HUB REAR TMX125 WITH BUSHING - MSK,BAMC,703,1,0,0,1,910
WHEEL,WHL019,HUB REAR W/ 4 BUSHING 2 BEARING & AXLE SLEEVE BARAKO - SW,WEDZZ,750,1,0,0,1,1000
WHEEL,WHL020,HUB REAR W/ 4 BUSHING 2 BEARING & AXLE SLEEVE TMX155 - SW,WEDZZ,820,1,0,0,1,1020
WHEEL,WHL025,HUB REAR WIND125 CT125 BAJAJ,BAMC,750,1,0,0,1,1000
WHEEL,WHL026,HUB SIDE WHEEL LONG,WALKIN,125,3,0,0,3,200
WHEEL,WHL027,HUB SIDE WHEEL SHORT,BAMC,145,2,0,0,2,200
ELECTRICAL,ELE071,IGNITION COIL  CG125 - FMP,PANGMASA,150,0,0,0,0,200
ELECTRICAL,ELE072,IGNITION COIL MIO - MOSIMO,WALKIN,0,1,0,0,1,280
ELECTRICAL,ELE398,IGNITION COIL UNIVERSAL - APIDO,ARB18,143,3,0,0,3,250
ELECTRICAL,ELE074,IGNITION COIL UNIVERSAL - YAKIMOTO,BAMC,143,5,0,0,5,250
ELECTRICAL,ELE075,IGNITION COIL X4/RC80 - MOSIMO,WALKIN,0,1,0,0,1,280
ELECTRICAL,ELE076,IGNITION SWITCH BC175 - YM,PANGMASA,190,1,0,0,1,350
ELECTRICAL,ELE077,IGNITION SWITCH BEAT - YM,PANGMASA,240,0,0,0,0,400
ELECTRICAL,ELE078,IGNITION SWITCH C100 - FMP,PANGMASA,90,2,0,0,2,200
ELECTRICAL,ELE079,IGNITION SWITCH FZ16 - GRS,PANGMASA,210,1,0,0,1,330
ELECTRICAL,ELE341,IGNITION SWITCH MAIN ONLY BC175 - SAIYAN,WEDZZ,176,2,0,0,2,350
ELECTRICAL,ELE081,IGNITION SWITCH MAIN ONLY GY6 - TTGR,BAMC,200,4,0,0,4,350
ELECTRICAL,ELE082,IGNITION SWITCH MAIN ONLY MIO - MRTR,BAMC,160,1,0,0,1,300
ELECTRICAL,ELE083,IGNITION SWITCH MAIN ONLY RAIDER - SK,BAMC,295,2,0,0,2,450
ELECTRICAL,ELE344,IGNITION SWITCH MAIN ONLY TMX 125 ALPHA - SAIYAN,WEDZZ,145,2,0,0,2,300
ELECTRICAL,ELE346,IGNITION SWITCH MAIN ONLY TMX 155 - SAIYAN,WEDZZ,48,0,0,0,0,150
ELECTRICAL,ELE339,IGNITION SWITCH MAIN ONLY TMX SUPREMO - SAIYAN,WEDZZ,226,3,0,0,3,400
ELECTRICAL,ELE084,IGNITION SWITCH MAIN ONLY TMX155 - MRTR,BAMC,65,0,0,0,0,150
ELECTRICAL,ELE420,IGNITION SWITCH MIO - LIMAN,ARB18,210,3,0,0,3,350
ELECTRICAL,ELE337,IGNITION SWITCH SET AEROX155 (LOCK SET) - SAIYAN,WEDZZ,880,1,0,0,1,1150
ELECTRICAL,ELE336,IGNITION SWITCH SET SNIPER150 (LOCK SET) - SAIYAN,WEDZZ,689,1,0,0,1,900
ELECTRICAL,ELE410,IGNITION SWITCH TMX THAI,ARB18,89,0,0,0,0,200
ELECTRICAL,ELE419,IGNITION SWITCH W125 - DURATECH,ARB18,115,3,0,0,3,230
ELECTRICAL,ELE088,IGNITION SWITCH W125 - MRTR,PANGMASA,145,0,0,0,0,300
ELECTRICAL,ELE089,IGNITION SWITCH WITH ANTITHEFT CLICK125 - MTR,PANGMASA,700,1,0,0,1,1200
ELECTRICAL,ELE090,IGNITION SWITCH WITH ANTITHEFT NMAX - MTR,PANGMASA,680,1,0,0,1,1200
ELECTRICAL,ELE409,IGNITION SWITCH XRM110,ARB18,195,2,0,0,2,350
ELECTRICAL,ELE091,IGNITION SWITCH XRM110 - MRTR,BAMC,220,0,0,0,0,350
ELECTRICAL,ELE092,IGNITION SWITCH XRM110 - MRTR,PANGMASA,95,0,0,0,0,250
ENGINE,ENG070,KICK PINION CAP - CW (MIO),PANGMASA,70,2,0,0,2,120
ENGINE,ENG071,KICK PINION GEAR MIO - CW,PANGMASA,125,2,0,0,2,175
BEARING,BER041,KNUCKLE BEARING BALL RACE C100/WAVE - KRYON,BAMC,73,0,0,0,0,145
BEARING,BER042,KNUCKLE BEARING BALL RACE C100/WAVE - LIMAN,ARB18,79,0,5,0,5,150
BEARING,BER043,KNUCKLE BEARING BALL RACE CT100/BC175 - KSK,PANGMASA,99,1,0,0,1,150
BEARING,BER044,KNUCKLE BEARING BALL RACE CT100/BC175 - LIMAN,ARB18,80,3,0,0,3,150
BEARING,BER039,KNUCKLE BEARING BALL RACE CT100/BC175 - QUANTUM,PANGMASA,95,2,0,0,2,145
BEARING,BER037,KNUCKLE BEARING BALL RACE HONDA,WALKIN,119,2,0,0,2,200
BEARING,BER045,KNUCKLE BEARING BALL RACE MIO SPORTY AMORE - MRTR,BAMC,71,0,0,0,0,145
BEARING,BER046,KNUCKLE BEARING BALL RACE MXI/NMAXV1 - MAKOTO,WALKIN,79,3,0,0,3,200
BEARING,BER047,KNUCKLE BEARING BALL RACE NMAX - QUANTUM,PANGMASA,125,3,0,0,3,175
BEARING,BER050,KNUCKLE BEARING BALL RACE R150 - OTAKA,BAMC,70,1,0,0,1,140
BEARING,BER049,KNUCKLE BEARING BALL RACE R150 - QUANTUM,PANGMASA,113,1,0,0,1,165
BEARING,BER051,KNUCKLE BEARING BALL RACE TMX,ARB18,70,4,0,0,4,150
BEARING,BER075,KNUCKLE BEARING BALL RACE TMX - LIMAN,ARB18,72,3,0,0,3,200
BEARING,BER053,KNUCKLE BEARING BALL RACE TMX SUPREMO - QUANTUM,PANGMASA,90,1,0,0,1,140
BEARING,BER073,KNUCKLE BEARING BALL RACE TMX/TMX125 - SUNTAL,ARB18,96,3,0,0,3,200
BEARING,BER054,KNUCKLE BEARING BALL RACE XRM - QUANTUM,PANGMASA,90,2,0,0,2,140
BEARING,BER072,KNUCKLE BEARING BALL RACE XRM/SUPREMO - MSB LIMAN,ARB18,84,4,0,0,4,170
BEARING,BER055,KNUCKLE BEARING BALL RACE YAMAHA - SUNTAL,WALKIN,119,0,0,0,0,200
CLEANER,CLN026,KOBY DE-RUST LUBRICATING SPRAY 450mL SV,WEDZZ,85,1,0,0,1,150
ELECTRICAL,ELE374,LED BAR PLASTIC HJG 6 LED,WEDZZ,60,3,0,0,3,120
ELECTRICAL,ELE383,LED JELLY 5730-6 RED 6 LED,WEDZZ,25,5,0,0,5,60
ELECTRICAL,ELE384,LED JELLY WHITE EJR 6 LED,WEDZZ,25,5,0,0,5,60
ELECTRICAL,ELE362,LED MODULE CAPSULE LONG GREEN 7516,WEDZZ,15,74,0,0,74,50
ELECTRICAL,ELE364,LED MODULE CAPSULE LONG PINK 7516,WEDZZ,15,100,0,0,100,50
ELECTRICAL,ELE363,LED MODULE CAPSULE LONG YELLOW 7516,WEDZZ,15,96,0,0,96,50
ELECTRICAL,ELE095,LIGHT LED CO3 DRX,PANGMASA,200,0,0,0,0,250
ELECTRICAL,ELE096,LIGHT LED I3 DRX,PANGMASA,284,0,0,0,0,325
GASKET,GKT034,LIQUID GASKET - GASKET ALL,ARB18,58,0,0,0,0,120
GASKET,GKT035,LIQUID GASKET 15GRM - PITSTOP,ARB18,25,5,0,0,5,60
GASKET,GKT036,LIQUID GASKET BETA GREY - HARDEX ORIGINAL,ARB18,66,4,0,0,4,120
ACCESSORIES,ACS046,M3 BACKPLATE / 2SX - E7623 - 00,WALKIN,170,1,0,0,1,285
ELECTRICAL,ELE097,MAGNETO KIT (TMX),PANGMASA,25,3,0,0,3,60
ACCESSORIES,ACS047,MANIFOLD MIO - YAKIMOTO,WALKIN,200,1,0,0,1,300
ENGINE,ENG181,MANIFOLD TMX RUBBER ORIGINAL,ARB18,65,2,0,0,2,120
ACCESSORIES,ACS048,MANIFOLD XRM  ENGINE PARTS,WALKIN,19,2,0,0,2,65
ELECTRICAL,ELE099,MDL BRACKET (AEROX),WALKIN,200,1,0,0,1,280
ELECTRICAL,ELE100,MDL BRACKET (NMAX 2020),WALKIN,150,1,0,0,1,250
ELECTRICAL,ELE101,MDL BRACKET 5451 SNIPER150 - LAZX,WEDZZ,80,3,0,0,3,150
ELECTRICAL,ELE102,MDL BRACKET 5474 CLICK - LAZX,WEDZZ,145,1,0,0,1,250
ACCESSORIES,ACS146,MDL BRACKET ADJUSTABLE L014,ONLINE,158,3,0,0,3,250
ACCESSORIES,ACS143,MDL BRACKET ADV 150 L017,ONLINE,83,3,0,0,3,180
ACCESSORIES,ACS136,MDL BRACKET AEROX L007,WALKIN,97.28,3,0,0,3,180
ACCESSORIES,ACS151,MDL BRACKET AEROX L007,ONLINE,97.28,3,0,0,3,180
ACCESSORIES,ACS137,MDL BRACKET CLICK V2 L006,ONLINE,142.48,3,0,0,3,220
ACCESSORIES,ACS132,MDL BRACKET HONDA BEAT L005,ONLINE,94.46,2,0,0,2,180
ACCESSORIES,ACS147,MDL BRACKET MIO  i125 L011,ONLINE,83,2,0,0,2,180
ACCESSORIES,ACS134,MDL BRACKET MIO 125 L003,ONLINE,94.46,1,0,0,1,180
ACCESSORIES,ACS142,MDL BRACKET MIO BLACK L018,ONLINE,128,3,0,0,3,220
ELECTRICAL,ELE103,MDL BRACKET MIO M3,WALKIN,140,1,0,0,1,250
ACCESSORIES,ACS138,MDL BRACKET MIO SPORTY L001,ONLINE,97.28,3,0,0,3,180
ACCESSORIES,ACS133,MDL BRACKET NMAX V1 L004,ONLINE,94.46,3,0,0,3,180
ACCESSORIES,ACS135,MDL BRACKET NMAX V2 2020 L002,ONLINE,94.46,3,0,0,3,180
ACCESSORIES,ACS140,MDL BRACKET NMAX/AEROX L009,WALKIN,138.61,3,0,0,3,220
ACCESSORIES,ACS148,MDL BRACKET RAIDER 150 BLACK L021,ONLINE,108,3,0,0,3,200
ACCESSORIES,ACS144,MDL BRACKET RAIDER J-150 L016,ONLINE,128,2,0,0,2,220
ACCESSORIES,ACS141,MDL BRACKET SNIPER 150 L008,ONLINE,93.61,3,0,0,3,180
ACCESSORIES,ACS149,MDL BRACKET SNIPER 150 L020,ONLINE,83,3,0,0,3,180
ACCESSORIES,ACS145,MDL BRACKET UNIVERSAL BLACK L015,ONLINE,158,2,0,0,2,250
ACCESSORIES,ACS150,MDL BRACKET XRM 110/125 L019,ONLINE,128,3,0,0,3,220
ACCESSORIES,ACS139,MDL BRACKET Y-GRAVIS L010,ONLINE,93.61,3,0,0,3,180
CLEANER,CLN020,MICRO FIBER ABSORBENT CLOTH GRAY,ONLINE,31.82,50,0,0,50,60
ELECTRICAL,ELE358,MINI DRIVING LIGHT - DRX F05,WEDZZ,440,4,0,0,4,600
ELECTRICAL,ELE357,MINI DRIVING LIGHT - SMOK NIGHT RIPPER,WEDZZ,850,3,0,0,3,1200
ELECTRICAL,ELE104,MINI DRIVING LIGHT 1005 BV1 - LAZX,WEDZZ,510,1,0,0,1,700
ELECTRICAL,ELE293,MINI DRIVING LIGHT 3WIRES- DKR,BAMC,400,0,0,0,0,600
ELECTRICAL,ELE295,MINI DRIVING LIGHT 4WIRE WITH FAN - MAKOTO,BAMC,550,3,0,0,3,700
ELECTRICAL,ELE294,MINI DRIVING LIGHT 4WIRES - LAZX,BAMC,630,0,0,0,0,750
ELECTRICAL,ELE105,MINI DRIVING LIGHT DR.X F05,PANGMASA,410,1,0,0,1,600
ELECTRICAL,ELE106,MINI DRIVING LIGHT LUMINA ECOLINE,WALKIN,909,2,0,0,2,1150
ELECTRICAL,ELE107,MINI DRIVING LIGHT LUMINA PRO,WALKIN,1017,1,0,0,1,1250
ELECTRICAL,ELE108,MINI DRIVING LIGHT SMOK NIGHT RIPPER - SMOK,WEDZZ,910,0,0,0,0,1250
ELECTRICAL,ELE304,MINI DRIVING LIGHT SMOK V3 - SMOK,ARB18,580,0,10,0,10,750
ELECTRICAL,ELE359,MINI DRIVING LIGHT V3 - SMOK,WEDZZ,700,4,0,0,4,900
ACCESSORIES,ACS131,MIRROR MOUNT UNIVERSAL 10MM BLACK,ONLINE,48.4,1,0,0,1,100
BOLT & NUT,BNT062,NUT BELL MIO,WALKIN,50,18,0,0,18,100
BOLT & NUT,BNT070,NUT FOR PIPE CG125 TMX EURO,WALKIN,35,20,0,0,20,60
BOLT & NUT,BNT054,NUT PULLEY AEROX/NMAX/90179-12004,WALKIN,115,2,0,0,2,150
ENGINE,ENG088,NUT PULLEY CLUTCH BELL MIOi125/M3/NMAX/AEROX - RS8,BAMC,230,3,0,0,3,300
BOLT & NUT,BNT061,NUT PULLEY MIO,WALKIN,40,19,0,0,19,80
BOLT & NUT,BNT055,NUT STAINLESS 10MM,BAMC,10,30,0,0,30,30
BOLT & NUT,BNT056,NUT STAINLESS 8MM,BAMC,3,38,0,0,38,20
ENGINE,ENG115,NUT TAPPET SCREW M3/MSi125/AEROX 90170-05803,WALKIN,25,1,0,0,1,50
BOLT & NUT,BNT059,NUT TORQUE DRIVE NMAX/AEROX,WALKIN,99,1,0,0,1,150
OIL,OIL088,OIL CASTROL ACTIVE ESSENTIAL 1L,ARB18,206,20,0,1,19,280
OIL,OIL103,OIL CASTROL ACTIVE ESSENTIAL 1L,ARB18,225,0,0,0,0,300
FILTER,FIL029,OIL FILTER - GRS ((SUZUKI),PANGMASA,18,18,0,0,18,80
FILTER,FIL030,OIL FILTER - GRS (KAWASAKI),PANGMASA,18,6,0,0,6,80
FILTER,FIL031,OIL FILTER - GRS (YAMAHA),PANGMASA,18,6,0,1,5,80
OIL,OIL059,OIL FILTER - KAWASAKI,ARB18,21,19,0,0,19,80
OIL,OIL058,OIL FILTER - SUZUKI,ARB18,21,18,0,0,18,80
FILTER,FIL032,OIL FILTER - SUZUKI,WALKIN,70,0,0,0,0,120
FILTER,FIL033,OIL FILTER (BAJAJ),WALKIN,50,2,0,0,2,90
FILTER,FIL035,OIL FILTER SUZUKI WASHABLE - MAX RPM,WALKIN,170,2,0,0,2,210
FILTER,FIL036,OIL FILTER YAMAHA - MAXIM,WALKIN,150,1,0,0,1,235
OIL,OIL015,OIL HAVOLINE EZY 4T 20W40 1L,ARB18,187,7,12,1,18,270
OIL,OIL099,OIL HAVOLINE EZY 4T 20W40 1L,WEDZZ,209,0,0,0,0,270
OIL,OIL017,OIL HAVOLINE EZY 800mL,ARB18,147,1,12,0,13,230
OIL,OIL082,OIL HAVOLINE EZY 800mL,WEDZZ,168,0,0,0,0,250
OIL,OIL019,OIL HAVOLINE SF 1L,PANGMASA,190,1,0,0,1,260
OIL,OIL104,OIL HAVOLINE SUPERMATIC SEMI-SYNTH. WITH GEAR OIL,ARB18,202,4,0,0,4,285
OIL,OIL021,OIL HONDA SCOOTER FULLY SYNTHETIC,ARB18,321,1,0,0,1,410
OIL,OIL106,OIL HONDA SCOOTER FULLY SYNTHETIC 800mL,ARB18,289,7,0,1,6,380
OIL,OIL022,OIL KING SFON 2T 200mL,PANGMASA,20,3,0,0,3,50
OIL,OIL023,OIL KING SFON 4T 200mL,PANGMASA,20,0,0,0,0,50
OIL,OIL024,OIL KIXX 10W40 1L,ARB18,268,2,0,0,2,350
OIL,OIL095,OIL MOTUL 3000 PLUS 10W40 1L,ARB18,272,0,0,0,0,350
OIL,OIL026,OIL MOTUL 3000 PLUS 4T 20W50 1L,BAMC,244,0,0,0,0,350
OIL,OIL087,OIL MOTUL 3000 PLUS 4T 20W50 800mL,ARB18,258,20,0,0,20,320
OIL,OIL027,OIL MOTUL 3000 PLUS 4T 20W50 800mL,BAMC,232,3,0,0,3,320
OIL,OIL028,OIL MOTUL SCOOTER 4T 10W40 1L,ARB18,289.5,19,0,0,19,350
OIL,OIL079,OIL MOTUL SCOOTER 4T 10W40 1L,WEDZZ,275,0,0,0,0,350
OIL,OIL030,OIL MOTUL SCOOTER 4T 10W40 800mL,ARB18,274,10,0,2,8,330
OIL,OIL078,OIL MOTUL SCOOTER 4T 10W40 800mL,WEDZZ,263,0,0,0,0,330
OIL,OIL033,OIL PETRON 2T 200mL,ARB18,32.5,0,0,0,0,60
OIL,OIL089,OIL PETRON 2T 200mL,WEDZZ,36,57,0,1,56,60
OIL,OIL035,OIL PETRON 4T 200mL,ARB18,30.5,0,0,0,0,60
OIL,OIL090,OIL PETRON SPRINT 4T 200mL,WEDZZ,37,13,0,0,13,60
OIL,OIL037,OIL PETRON SPRINT SAE40 1L,ARB18,144,0,12,0,12,210
OIL,OIL081,OIL PETRON SPRINT SAE40 1L,WEDZZ,150,0,0,0,0,210
OIL,OIL043,OIL RS8 ECO LINE 20W50 1L,ARB18,169,15,0,0,15,250
OIL,OIL044,OIL RS8 ECO LINE 20W50 1L,BAMC,166,0,0,0,0,250
OIL,OIL063,OIL RS8 ECO LINE 20W50 1L,WALKIN,160,0,0,0,0,250
OIL,OIL056,OIL RS8 ECO LINE 20W50 800mL,ARB18,154,16,0,2,14,230
OIL,OIL041,OIL RS8 ECO LINE 20W50 800mL,BAMC,156,0,0,0,0,230
OIL,OIL083,OIL RS8 ECO LINE 20W50 800mL,WEDZZ,158,0,0,0,0,230
OIL,OIL048,OIL RS8 ECO SCOOTER 10W40 1L,ARB18,172,2,0,0,2,260
OIL,OIL050,OIL RS8 ECO SCOOTER 10W40 800mL,ARB18,163,0,0,0,0,240
OIL,OIL094,OIL RS8 ECO SCOOTER 10W40 800mL,ARB18,164,0,0,0,0,240
OIL,OIL060,OIL RS8 R9 10W40 FULLY SYNTHETIC 1L,ARB18,227,6,0,0,6,340
OIL,OIL091,OIL RS8 R9 10W40 FULLY SYNTHETIC 1L,WEDZZ,263,0,0,0,0,340
OIL,OIL053,OIL RS8 R9 SCOOTER 10W40 FULLY SYNTH. 1L,BAMC,260,0,0,0,0,340
OIL,OIL066,OIL RS8 SCOOTER ULTRA FULLY SYNTH. 1L,ARB18,248,0,0,0,0,340
OIL,OIL077,OIL RS8 SCOOTER ULTRA FULLY SYNTH. 1L,WEDZZ,263,0,0,0,0,340
GASKET,GKT037,OIL SEAL CRANK CASE SNIPER 135/SNIPER 150,WALKIN,55,1,0,0,1,90
GASKET,GKT039,OIL SEAL FRONT FORK ONLY XRM110/WAVE125 26X37X10.5,BAMC,24,0,0,0,0,50
GASKET,GKT040,OIL SEAL FRONT FORK SET XRM110/WAVE125 26X37X10.5,BAMC,30,0,0,0,0,60
GASKET,GKT041,OIL SEAL FRONT SHOCK NMAX V1/V2/F3145,WALKIN,190,2,0,0,2,280
GASKET,GKT096,OIL SEAL KIT BARAKO175 - OTAKA,WEDZZ,30,10,0,0,10,100
GASKET,GKT091,OIL SEAL KIT C100 - NMT,WEDZZ,30,9,0,0,9,100
GASKET,GKT095,OIL SEAL KIT TMX - NMT,WEDZZ,30,5,0,0,5,100
GASKET,GKT093,OIL SEAL KIT W125 - NMT,WEDZZ,30,10,0,0,10,100
GASKET,GKT094,OIL SEAL KIT XRM - NMT,WEDZZ,30,6,0,0,6,100
GASKET,GKT042,OIL SEAL MAGNETO AEROX/NMAX/93102-22829,WALKIN,95,0,0,0,0,150
GASKET,GKT084,OIL SEAL MAGNETO KIT SET TMX HONDA PACK,ARB18,86,10,0,0,10,200
GASKET,GKT086,OIL SEAL MAGNETO KIT SET XRM/C100 HONDA PACK,ARB18,96,5,0,0,5,200
GASKET,GKT082,OIL SEAL MAGNETO KIT TMX GENUINE,ARB18,620,0,0,0,0,800
GASKET,GKT044,OIL SEAL MAGNETO MIO,WALKIN,85,1,0,0,1,115
GASKET,GKT043,OIL SEAL MAGNETO MIOM3 93102-19814,WALKIN,70,1,0,0,1,120
GASKET,GKT045,OIL SEAL PRIMARY DRIVE M3 MIO I 125,WALKIN,45,4,0,0,4,90
GASKET,GKT046,OIL SEAL PRIMARY DRIVE SPORTY,WALKIN,85,1,0,0,1,100
GASKET,GKT080,OIL SEAL PULLEY AEROX 93102-24802-00 - YAMGEN,WEDZZ,80,12,0,0,12,150
GASKET,GKT048,OIL SEAL PULLEY HONDA,WALKIN,96,1,0,0,1,220
GASKET,GKT081,OIL SEAL PULLEY SIDE MIOM3 93102-25816 - YAMGEN,WEDZZ,85,9,0,0,9,150
GASKET,GKT050,OIL SEAL REAR AXLE DRIVE M3 MIO I 125,WALKIN,110,1,0,0,1,170
GASKET,GKT087,OIL SEAL SET GY6125 - YM,WEDZZ,30,9,0,0,9,100
GASKET,GKT083,OIL SEAL SET GY6150 - YM,WEDZZ,30,10,0,0,10,100
GASKET,GKT089,OIL SEAL SET LIFAN125 - YM,WEDZZ,30,11,0,0,11,100
GASKET,GKT085,OIL SEAL SET LIFAN150 - YM,WEDZZ,30,10,0,0,10,100
GASKET,GKT131,OIL SEAL SET RS100 - YM,WEDZZ,30,9,0,0,9,100
GASKET,GKT130,OIL SEAL SET SHOGUN - YM,WEDZZ,30,12,0,0,12,100
GASKET,GKT051,OIL SEAL SWING ARM AEROX,WALKIN,110,1,0,0,1,170
GASKET,GKT052,OIL SEAL TORQUE DRIVE AEROX/NMAX/2DP-E7465-00,WALKIN,80,3,0,0,3,160
GASKET,GKT053,OIL SEAL TORQUE DRIVE M3/ 25X-E7465-00,WALKIN,65,6,0,0,6,120
GASKET,GKT054,OIL SEAL TORQUE DRIVE NMAX,WALKIN,79,3,0,0,3,160
GASKET,GKT055,OIL SEAL UNIVERSAL 26 37 10.5,WALKIN,25,4,0,0,4,50
GASKET,GKT056,OIL SEAL UNIVERSAL 27 37 10.5,WALKIN,25,2,0,0,2,50
GASKET,GKT057,OIL SEAL UNIVERSAL 31 43 10.5,WALKIN,25,3,0,0,3,50
GASKET,GKT058,OIL SEAL UNIVERSAL 34 50 7,WALKIN,35,2,0,0,2,70
GASKET,GKT059,OIL SEAL UNIVERSAL ASSORTED,WALKIN,18,3,0,0,3,35
OIL,OIL067,OIL SHELL AX7  800mL,ARB18,225,8,12,0,20,320
OIL,OIL068,OIL SHELL AX7 10W40 1L,BAMC,290,0,0,0,0,360
OIL,OIL080,OIL SHELL AX7 10W40 1L,WEDZZ,306,0,0,0,0,370
OIL,OIL069,OIL SHELL AX7 10W40 800mL,BAMC,240,0,0,0,0,320
OIL,OIL070,OIL SHELL AX7 1L,ARB18,267,2,0,0,2,360
OIL,OIL064,OIL VOLGA 1L,WALKIN,120,0,0,0,0,180
OIL,OIL071,OIL YAMALUBE AT,PANGMASA,245,0,0,0,0,320
OIL,OIL084,OIL YAMALUBE AT 20W40 800mL,WEDZZ,240,0,0,0,0,320
OIL,OIL072,OIL YAMALUBE AT ELITE 10W40 1L,BAMC,296,1,0,0,1,360
OIL,OIL073,OIL YAMALUBE AT ELITE 10W40 800ML,BAMC,256,0,0,0,0,320
OIL,OIL074,OIL YAMALUBE BLUE CORE,PANGMASA,330,0,0,0,0,400
OIL,OIL065,OIL YAMALUBE BLUE CORE 10W40 1LTR,ARB18,296,5,13,1,17,400
OIL,OIL085,OIL YAMALUBE BLUE CORE 10W40 1LTR,WEDZZ,310,0,0,0,0,400
OIL,OIL092,OIL ZENO SCOOTER PRO 10W40 SL 1L,WEDZZ,165,9,0,0,9,260
OIL,OIL093,OIL ZENO SCOOTER PRO 10W40 SL 800ML,WEDZZ,155,0,0,0,0,230
OIL,OIL105,OIL ZIC 10W40 M9 1000mL,ARB18,272,9,0,1,8,360
OIL,OIL075,OIL ZIC 10W40 M9 1L,PANGMASA,282,0,0,0,0,350
OIL,OIL097,OIL ZIC 10W40 M9 1L,WEDZZ,277,0,0,0,0,350
OIL,OIL076,OIL ZIC 10W40 M9 800mL,ARB18,240,11,0,0,11,330
OIL,OIL098,OIL ZIC 10W40 M9 800mL,WEDZZ,244,0,0,0,0,330
GASKET,GKT061,O-RING FRONT SHOCK M3/AEROX 25G-F3147-00,WALKIN,65,5,0,0,5,90
GASKET,GKT062,O-RING OIL LEVEL PLUG 5LW-E3769-00,WALKIN,55,3,0,0,3,75
GASKET,GKT060,O-RING TAPET  MIO,WALKIN,43,2,0,0,2,65
GASKET,GKT063,O-RING TAPPET CAP MIO,WALKIN,65,2,0,0,2,95
GASKET,GKT064,O-RING TAPPET MIO G3210-448G4,WALKIN,55,2,0,0,2,65
GASKET,GKT065,O-RING TD M3/SOULi125 25X-E7465-10,WALKIN,60,0,0,0,0,90
GASKET,GKT066,O-RING TORQUE DRIVE CLICK 91384-KUB-900,WALKIN,30,1,0,0,1,50
GASKET,GKT067,O-RING TORQUE DRIVE NMAX/AEROX 2DP-E7465-10,WALKIN,60,0,0,0,0,90
GASKET,GKT114,OVERHAULING GASKET BAJAJ - SAIYAN,WEDZZ,77,5,0,0,5,150
GASKET,GKT112,OVERHAULING GASKET BC175 - SAIYAN,WEDZZ,77,5,0,0,5,150
GASKET,GKT111,OVERHAULING GASKET C100 - SAIYAN,WEDZZ,77,3,0,0,3,150
GASKET,GKT103,OVERHAULING GASKET CG150 STD/TC150 - SAIYAN,WEDZZ,77,4,0,0,4,150
GASKET,GKT105,OVERHAULING GASKET HD3 - SAIYAN,WEDZZ,77,5,0,0,5,150
GASKET,GKT115,OVERHAULING GASKET LIFAN110 - SAIYAN,WEDZZ,77,5,0,0,5,150
GASKET,GKT106,OVERHAULING GASKET LIFAN125 - SAIYAN,WEDZZ,77,5,0,0,5,150
GASKET,GKT127,OVERHAULING GASKET LIFAN150 - SAIYAN,WEDZZ,5,77,0,0,77,150
GASKET,GKT100,OVERHAULING GASKET MIO - SAIYAN,WEDZZ,77,8,0,0,8,150
GASKET,GKT116,OVERHAULING GASKET RAIDER150 - SAIYAN,WEDZZ,77,3,0,0,3,150
GASKET,GKT109,OVERHAULING GASKET ROUSER135 - SAIYAN,WEDZZ,77,5,0,0,5,150
GASKET,GKT107,OVERHAULING GASKET RS100 - SAIYAN,WEDZZ,77,5,0,0,5,150
GASKET,GKT108,OVERHAULING GASKET SHOGUN - SAIYAN,WEDZZ,77,5,0,0,5,150
GASKET,GKT113,OVERHAULING GASKET SMASH155 - SAIYAN,WEDZZ,77,5,0,0,5,150
GASKET,GKT101,OVERHAULING GASKET SNIPER135 - SAIYAN,WEDZZ,77,5,0,0,5,150
GASKET,GKT126,OVERHAULING GASKET TMX125 - SAIYAN,WEDZZ,5,77,0,0,77,150
GASKET,GKT102,OVERHAULING GASKET TMX155 - SAIYAN,WEDZZ,77,4,0,0,4,150
GASKET,GKT110,OVERHAULING GASKET WAVE125 - SAIYAN,WEDZZ,77,4,0,0,4,150
GASKET,GKT104,OVERHAULING GASKET XRM110 - SAIYAN,WEDZZ,77,5,0,0,5,150
ENGINE,ENG072,PEDAL KICK ARM RUSI,PANGMASA,100,2,0,0,2,170
ENGINE,ENG073,PEDAL KICK ARM TMX,PANGMASA,80,1,0,0,1,150
ENGINE,ENG075,PEDAL SHIFTER BC175 - KOZA,PANGMASA,60,0,0,0,0,130
ENGINE,ENG076,PEDAL SHIFTER STX - HALO,PANGMASA,60,3,0,0,3,130
ENGINE,ENG077,PEDAL SHIFTER TMX - KMN,PANGMASA,60,0,0,0,0,130
ACCESSORIES,ACS114,PHONE HOLDER FOR BIKE/MOTOR BLACK,ONLINE,99.2,4,0,0,4,180
ACCESSORIES,ACS113,PHONE HOLDER FOR MOTOR BLACK,ONLINE,71.22,0,0,0,0,150
ACCESSORIES,ACS049,PIPE - APIDO (HONDA BEAT),WALKIN,1550,0,0,0,0,2100
ACCESSORIES,ACS153,PIPE CHICKEN PIPE R8 MIO125,WALKIN,1000,0,0,0,0,1500
ACCESSORIES,ACS050,PIPE HEAT GUARD (MIO),WALKIN,200,1,0,0,1,270
ACCESSORIES,ACS051,PIPE MIO - JVT,WALKIN,4680,0,0,0,0,5500
ACCESSORIES,ACS052,PIPE XRM 11 STAINLESS - SMOK,WEDZZ,1760,1,0,0,1,2250
ENGINE,ENG161,PISTON KIT BEATFI STD - SAIYAN,WEDZZ,226,5,0,0,5,450
ENGINE,ENG166,PISTON KIT CG125 STD - SAIYAN,WEDZZ,226,5,0,0,5,450
ENGINE,ENG079,PISTON KIT CG125 STD - SW,WEDZZ,220,3,0,0,3,450
ENGINE,ENG080,PISTON KIT CG150 STANDARD - SV,PANGMASA,250,0,0,0,0,400
ENGINE,ENG170,PISTON KIT CLICK125 STD - SAIYAN,WEDZZ,226,5,0,0,5,450
ENGINE,ENG162,PISTON KIT CT100 STD - SAIYAN,WEDZZ,226,2,0,0,2,450
ENGINE,ENG169,PISTON KIT GY6150 STD - SAIYAN,WEDZZ,214,5,0,0,5,400
ENGINE,ENG172,PISTON KIT LF110 STD - SAIYAN,WEDZZ,218,2,0,0,2,400
ENGINE,ENG192,PISTON KIT LIFAN STANDARD - MAKOTO,ARB18,360,0,0,0,0,550
ENGINE,ENG167,PISTON KIT LIFAN125 STD - SAIYAN,WEDZZ,226,2,0,0,2,450
ENGINE,ENG081,PISTON KIT MIO STANDARD - SV,PANGMASA,250,1,0,0,1,400
ENGINE,ENG168,PISTON KIT MIO STD - SAIYAN,WEDZZ,218,5,0,0,5,400
ENGINE,ENG164,PISTON KIT STX STD - SAIYAN,WEDZZ,226,5,0,0,5,450
ENGINE,ENG082,PISTON KIT TMX STANDARD - SV,PANGMASA,250,1,0,0,1,400
ENGINE,ENG163,PISTON KIT TMX SUPREMO STD - SAIYAN,WEDZZ,252,4,0,0,4,450
ENGINE,ENG173,PISTON KIT TMX125 STD - SAIYAN,WEDZZ,214,4,0,0,4,400
ENGINE,ENG160,PISTON KIT TMX155 STD - SAIYAN,WEDZZ,226,4,0,0,4,450
ENGINE,ENG165,PISTON KIT WAVE125 STD - SAIYAN,WEDZZ,226,3,0,0,3,450
ENGINE,ENG171,PISTON KIT XRM110 STD - SAIYAN,WEDZZ,214,3,0,0,3,400
ENGINE,ENG084,PISTON RING CG125 STANDARD - FMP,PANGMASA,90,9,0,0,9,140
ENGINE,ENG158,PISTON RING CG125 STD - SAIYAN,WEDZZ,84,10,0,0,10,140
ENGINE,ENG083,PISTON RING CLICK 125,WALKIN,430,1,0,0,1,650
ENGINE,ENG159,PISTON RING CLICK125 STD - SAIYAN,WEDZZ,84,10,0,0,10,140
ENGINE,ENG152,PISTON RING CT100 - SAIYAN,WEDZZ,77,10,0,0,10,130
ENGINE,ENG155,PISTON RING GY6150 STD - SAIYAN,WEDZZ,84,10,0,0,10,140
ENGINE,ENG178,PISTON RING LIFAN110 STD - MAKOTO,ARB18,190,3,0,0,3,300
ENGINE,ENG153,PISTON RING LIFAN125 STD - SAIYAN,WEDZZ,84,10,0,0,10,150
ENGINE,ENG154,PISTON RING MIO - SAIYAN,WEDZZ,77,9,0,0,9,130
ENGINE,ENG085,PISTON RING MIO STANDARD - SV,PANGMASA,90,10,0,0,10,140
ENGINE,ENG086,PISTON RING TMX STANDARD - SV,PANGMASA,90,10,0,0,10,140
ENGINE,ENG151,PISTON RING TMX SUPREMO STD - SAIYAN,WEDZZ,92,9,0,0,9,140
ENGINE,ENG148,PISTON RING TMX125 STD - SAIYAN,WEDZZ,84,9,0,0,9,140
ENGINE,ENG149,PISTON RING TMX155 STD - SAIYAN,WEDZZ,92,6,0,0,6,140
ENGINE,ENG156,PISTON RING WAVE100 - SAIYAN,WEDZZ,77,10,0,0,10,130
ENGINE,ENG150,PISTON RING WAVE125 STD - SAIYAN,WEDZZ,77,10,0,0,10,130
ENGINE,ENG157,PISTON RING XRM110 - SAIYAN,WEDZZ,77,8,0,0,8,130
ENGINE,ENG176,PISTON SKYGO 0.50 (SG150-ZK) 13211L,WEDZZ,350,3,0,0,3,550
ENGINE,ENG087,PLATE LOCK  AEROX,WALKIN,190,1,0,0,1,230
ENGINE,ENG090,PULLEY BUSHING AEROX - RS8,WALKIN,232,1,0,0,1,330
ENGINE,ENG089,PULLEY BUSHING MIO/M3 - RS8,WALKIN,267,0,0,0,0,350
ENGINE,ENG092,PULLEY OIL SEAL M3/SOULi125 93102-25816,WALKIN,90,0,0,0,0,150
CVT,CVT088,PULLEY SET BEAT FI - BWIN,WEDZZ,1300,2,0,0,2,1800
CVT,CVT069,PULLEY SET BEAT FI - JVT,ARB18,1661,3,0,0,3,2300
CVT,CVT131,PULLEY SET CLICK125 - HIRC,ARB18,1333,2,0,0,2,1700
CVT,CVT049,PULLEY SET CLICK125/150 - JVT,ARB18,1706,0,0,0,0,2100
CVT,CVT087,PULLEY SET CLICK125/CLICK150 - BWIN,WEDZZ,1420,2,0,0,2,1950
ENGINE,ENG094,PULLEY SET MIO - BWIN,WEDZZ,950,1,0,0,1,1300
CVT,CVT130,PULLEY SET MIO - HIRC,ARB18,998,2,0,0,2,1300
CVT,CVT112,PULLEY SET MIO - JVT,ARB18,1745,2,0,0,2,2250
CVT,CVT086,PULLEY SET MIO - SUN,WEDZZ,1300,0,0,0,0,1800
CVT,CVT050,PULLEY SET MIO M3 - JVT,ARB18,1877,0,0,0,0,2300
CVT,CVT067,PULLEY SET MIO M3 - JVT,ARB18,1877,3,0,0,3,2400
ENGINE,ENG095,PULLEY SET MIO SPORTY - JVT,WALKIN,1653,0,0,0,0,2150
CVT,CVT084,PULLEY SET NMAX - SUN,WEDZZ,2200,0,0,0,0,2700
CVT,CVT114,PULLEY SET NMAX/AEROX - JVT,ARB18,2260,2,0,0,2,2800
CVT,CVT053,PULLEY SET NMAX/AEROX - JVT,ARB18,2201,0,0,0,0,2750
CVT,CVT085,PULLEY SET PCX160 - SUN,WEDZZ,2310,1,0,0,1,2850
CVT,CVT054,PULLEY SET PCX160- JVT,ARB18,2076,1,0,0,1,2600
ENGINE,ENG096,PULLEY SIDE OIL SEAL M3,WALKIN,80,4,0,0,4,140
ENGINE,ENG097,PULLEY SIDE OIL SEAL MIO SPORTY,WALKIN,70,2,0,0,2,130
ENGINE,ENG098,PULLEY WASHER M3/AEROX/NMAX,WALKIN,45,2,0,0,2,60
CVT,CVT125,PULLEY WITH FACE AND BUSHING MIO - SUN,ARB18,1266,2,0,0,2,1680
ENGINE,ENG099,PUSH ROD - CW (TMX),PANGMASA,43,0,0,0,0,90
ELECTRICAL,ELE111,REGULATOR - BILLION (RUSI),PANGMASA,185,0,0,0,0,230
ELECTRICAL,ELE112,REGULATOR - BILLION (TMX),PANGMASA,100,2,0,0,2,150
ELECTRICAL,ELE113,REGULATOR - BILLION (TMX125),PANGMASA,230,1,0,0,1,300
ELECTRICAL,ELE114,REGULATOR - KRYON (RUSI125 5WIRE),BAMC,200,2,0,0,2,260
ELECTRICAL,ELE115,REGULATOR - MC (BC175),PANGMASA,102,1,0,0,1,150
ELECTRICAL,ELE116,REGULATOR - MRTR (GY6),PANGMASA,164,2,0,0,2,220
ELECTRICAL,ELE118,REGULATOR - NO BRAND (RUSI),WALKIN,170,2,0,0,2,230
ELECTRICAL,ELE119,REGULATOR - QUANTUM (XRM),PANGMASA,113,1,0,0,1,160
ELECTRICAL,ELE120,REGULATOR - SK (GY6) 6 WIRE,WALKIN,150,2,0,0,2,250
ELECTRICAL,ELE121,REGULATOR - SK (SUPREMO),WALKIN,200,5,0,0,5,250
ELECTRICAL,ELE336,REGULATOR FXD125 CHINA 5WIRE - SLV,WEDZZ,190,3,0,0,3,280
ELECTRICAL,ELE431,REGULATOR MIO/R150 - JRS,ARB18,90,5,0,0,5,200
ELECTRICAL,ELE305,REGULATOR MIOM3,ARB18,426,0,0,0,0,550
ELECTRICAL,ELE403,REGULATOR MIOM3 - TTGR/YSK/LIMAN,ARB18,395,0,0,0,0,600
ELECTRICAL,ELE432,REGULATOR MIOM3/MIOI125 - YAKIMOTO,ARB18,470,3,0,0,3,600
ELECTRICAL,ELE342,REGULATOR SUPREMO - SW,WEDZZ,275,5,0,0,5,350
ELECTRICAL,ELE124,REGULATOR TMX125 ALPHA - KRYON,BAMC,210,0,0,0,0,300
ELECTRICAL,ELE404,REGULATOR TMX125/ALPHA - CSL,ARB18,142,1,0,0,1,300
ELECTRICAL,ELE125,REGULATOR TMX155 - KRYON,BAMC,125,4,0,0,4,200
ELECTRICAL,ELE340,REGULATOR TMX155 - SW,WEDZZ,110,4,0,0,4,180
ELECTRICAL,ELE127,RELAY 5-PIN - BOSCH,BAMC,40,0,0,0,0,100
ELECTRICAL,ELE309,RELAY 5PIN - CSL,ARB18,31,0,0,0,0,60
ELECTRICAL,ELE128,RELAY 5PIN - SV,PANGMASA,28,0,0,0,0,60
ELECTRICAL,ELE129,RELAY 5PIN W/ SOCKET,ONLINE,37,9,0,0,9,120
ELECTRICAL,ELE130,RELAY 5-PIN WITH SOCKET UNIVERSAL,BAMC,65,0,0,0,0,120
ELECTRICAL,ELE131,RELAY FLASHER LED - PAG,WALKIN,80,1,0,0,1,100
ELECTRICAL,ELE320,RELAY FLASHER LED ADJUSTABLE - BIMOTA,ONLINE,29.05,20,0,0,20,80
ELECTRICAL,ELE132,RELAY FLASHER WITH SOUND,PANGMASA,25,0,0,0,0,60
ELECTRICAL,ELE134,RELAY HORN HARNESS SET,ONLINE,82,12,0,0,12,150
ELECTRICAL,ELE135,RELAY INTERUPTOR 12V - SHINAGAWA,BAMC,66,1,0,0,1,150
ELECTRICAL,ELE136,RELAY SOCKET 5-WIRE - YAKIMOTO,BAMC,20,0,0,0,0,40
WHEEL,WHL029,RIM 1.4 X 17 - GRS,PANGMASA,330,0,0,0,0,500
WHEEL,WHL030,RIM 1.4 X 17 - PM,ARB18,310,2,0,0,2,500
WHEEL,WHL304,RIM 1.6 X 17 - PM,ARB18,330,3,0,0,3,500
WHEEL,WHL034,RIM LIGHT BLUE - SUPER DRAG,WALKIN,2390,1,0,0,1,2900
WHEEL,WHL036,RIM PINK - SUPER DRAG,WALKIN,2390,1,0,0,1,2900
WHEEL,WHL037,RIM RED - VANZBOY,WALKIN,1080,1,0,0,1,1450
WHEEL,WHL038,RIM SET 1.2/1.4 X 17 BLUE - VANZBOY,ARB18,1100,2,0,0,2,1450
WHEEL,WHL039,RIM SET 1.2/1.4 X 17 PINK - VANZBOY,ARB18,1100,1,0,0,1,1450
WHEEL,WHL040,RIM SET 1.2/1.4 X 17 RED - VANZBOY,ARB18,1100,2,0,0,2,1450
WHEEL,WHL041,RIM SET 1.4 X 17 GREEN - VANZBOY,ARB18,1100,1,0,0,1,1450
WHEEL,WHL241,RIM SET X14 BLACK TAIKOM,WALKIN,500,0,0,0,0,1100
WHEEL,WHL240,RIM SET X14 GREEN TAIKOM,WALKIN,500,1,0,0,1,1100
WHEEL,WHL242,RIM SET X14 PINK TAIKOM,WALKIN,500,1,0,0,1,1100
ENGINE,ENG102,ROCKER ARM ROLLER TYPE MIO,WALKIN,360,0,0,0,0,550
ENGINE,ENG103,ROCKER ARM UPPER - SW (TMX),PANGMASA,160,2,0,0,2,280
CHAIN,CHN039,ROLLER CHAIN - OTAKA (C100),PANGMASA,80,2,0,0,2,150
CHAIN,CHN040,ROLLER CHAIN - OTAKA (XRM),PANGMASA,80,0,0,0,0,150
WHEEL,WHL252,RUBBER PATCH 48 MYB,WEDZZ,4,97,0,0,97,10
ACCESSORIES,ACS053,SEAT ASSEMBLY MIO SPORTY - JRP,WALKIN,1517,1,0,0,1,2000
ACCESSORIES,ACS055,SEAT ASSEMBLY WAVE 100/XRM 110 - JRP,WALKIN,1517,1,0,0,1,2000
ACCESSORIES,ACS061,SEAT COVER AEROX RUBBER - JRP,BAMC,200,5,0,0,5,300
ACCESSORIES,ACS109,SEAT COVER CAMEL BACK OVERSIZED BLACK - SOMJIN,BAMC,185,10,0,0,10,290
ACCESSORIES,ACS064,SEAT COVER CAMEL BACK STANDARD BLACK - SOMJIN,BAMC,165,1,0,0,1,250
ACCESSORIES,ACS106,SEAT COVER CAMEL BACK STANDARD BLUE - SOMJIN,BAMC,165,2,0,0,2,250
ACCESSORIES,ACS105,SEAT COVER CAMEL BACK STANDARD RED - SOMJIN,BAMC,165,3,0,0,3,250
ACCESSORIES,ACS108,SEAT COVER LAMINATED BLUE - TRIBAL,BAMC,165,5,0,0,5,270
ACCESSORIES,ACS067,SEAT COVER MEDIUM RUBBER - JRP,BAMC,200,1,0,0,1,300
ACCESSORIES,ACS068,SEAT COVER NMAX RUBBER - JRP,BAMC,200,8,0,0,8,300
ACCESSORIES,ACS071,SEAT COVER PLAIN - SOMJIN,ARB18,64,1,0,0,1,120
ACCESSORIES,ACS072,SEAT COVER SMALL RUBBER - JRP,BAMC,200,10,0,0,10,300
ACCESSORIES,ACS073,SEAT COVER TMX WITH STRING,ARB18,80,7,0,0,7,150
ACCESSORIES,ACS107,SEAT COVER TMX155 RUBBER - JRP,BAMC,200,0,0,0,0,300
ACCESSORIES,ACS112,SEAT COVER VR1 OVERSIZED RED - SOMJIN,BAMC,135,2,0,0,2,250
ACCESSORIES,ACS110,SEAT COVER VR2 OVERSIZED RED - SOMJIN,BAMC,135,3,0,0,3,250
ACCESSORIES,ACS111,SEAT COVER VR2 OVERSIZED WHITE - SOMJIN,BAMC,135,4,0,0,4,250
ACCESSORIES,ACS074,SEAT COVER WITH STRING FOR TMX,BAMC,70,0,0,0,0,150
ACCESSORIES,ACS076,SEAT PAD MIOi125 / BB3 - F4741-00,WALKIN,55,1,0,0,1,95
BOLT & NUT,BNT057,SENSOR BOLT G,WALKIN,19,1,0,0,1,35
BOLT & NUT,BNT058,SENSOR BOLT WG,WALKIN,19,1,0,0,1,35
WHEEL,WHL047,SHOCK DTG WHITE R150/F1 - YSS,WALKIN,2300,1,0,0,1,2700
WHEEL,WHL251,SHOCK SUPPORT 280MM LONG,ARB18,142,0,0,0,0,250
WHEEL,WHL250,SHOCK SUPPORT 280MM SHORT,ARB18,142,6,0,0,6,250
WHEEL,WHL050,SHOCK SUPPORT 280MM SILVER,PANGMASA,110,0,0,0,0,250
WHEEL,WHL051,SHOCK SUPPORT 310MM BLACK,BAMC,125,0,0,0,0,250
WHEEL,WHL052,SHOCK SUPPORT 310MM SILVER,PANGMASA,110,0,0,0,0,250
WHEEL,WHL054,SHOCK SUSPENSION (BLACK/GOLD) (NMAX/AEROX) - JVT,WALKIN,7000,1,0,0,1,8000
WHEEL,WHL055,SHOCK SUSPENSION AEROX (USED),WALKIN,0,1,0,0,1,1000
ACCESSORIES,ACS077,SIDE MIRROR - LTC 313Y,PANGMASA,130,0,0,0,0,200
ACCESSORIES,ACS099,SIDE MIRROR BLACK TMX155 - KRYON,BAMC,75,0,0,0,0,150
ACCESSORIES,ACS080,SIDE MIRROR BOLT G YAMAHA,WALKIN,150,1,0,0,1,250
ACCESSORIES,ACS101,SIDE MIRROR CARBON YAMAHA - LAZX,BAMC,170,1,0,0,1,270
ACCESSORIES,ACS100,SIDE MIRROR CARBON YAMAHA MIO125/NMAX - KRYON,BAMC,165,2,0,0,2,270
ACCESSORIES,ACS097,SIDE MIRROR GOLD - MTR,BAMC,250,2,0,0,2,360
ACCESSORIES,ACS083,SIDE MIRROR HOLDER RIGHT,WALKIN,180,1,0,0,1,220
ACCESSORIES,ACS085,SIDE MIRROR HONDA - HACHI,BAMC,70,0,0,0,0,150
ACCESSORIES,ACS086,SIDE MIRROR HONDA BAR END - SHARK KING,BAMC,250,3,0,0,3,350
ACCESSORIES,ACS087,SIDE MIRROR HONDA BLACK - MAKOTO,BAMC,50,0,0,0,0,120
ACCESSORIES,ACS088,SIDE MIRROR HONDA CARBON - SHARK KING,BAMC,120,0,0,0,0,200
ACCESSORIES,ACS089,SIDE MIRROR HONDA SMALL TITANIUM,BAMC,140,0,0,0,0,220
ACCESSORIES,ACS098,SIDE MIRROR RED - MRTR,BAMC,234,4,0,0,4,340
ACCESSORIES,ACS090,SIDE MIRROR UNIVERSAL - FOLDABLE,WALKIN,250,1,0,0,1,320
ELECTRICAL,ELE367,SIGNAL LIGHT ASSY TMX155 OLD CLEAR - SAIYAN,WEDZZ,76,1,0,0,1,150
ELECTRICAL,ELE366,SIGNAL LIGHT ASSY TMX155 OLD ORANGE - SAIYAN,WEDZZ,76,0,0,0,0,150
ELECTRICAL,ELE137,SIGNAL LIGHT BIG,WALKIN,90,0,0,0,0,120
ELECTRICAL,ELE138,SIGNAL LIGHT DOUBLE CONTACT - MARIN,PANGMASA,170,1,0,0,1,220
ELECTRICAL,ELE139,SIGNAL LIGHT DOUBLE CONTACT (YELLOW RED) UNIVERSAL,WALKIN,200,1,0,0,1,300
ELECTRICAL,ELE140,SIGNAL LIGHT SMALL,WALKIN,70,0,0,0,0,110
ELECTRICAL,ELE311,SIGNAL LIGHT SMALL SQUARE YELLOW,WALKIN,0,0,0,0,0,110
GASKET,GKT117,SILICON GASKET MAKER 1101 - SPEED THAI,WEDZZ,17,25,0,0,25,60
ENGINE,ENG104,SLIDE PIECE - BEAT F.I / 22011-KUB-T00,WALKIN,216,3,0,0,3,240
ENGINE,ENG105,SLIDE PIECE - MARIN,PANGMASA,55,1,0,0,1,90
ENGINE,ENG202,SLIDE PIECE CLICK/PCX/ADV - JVT,ARB18,90,4,0,0,4,200
ENGINE,ENG109,SLIDE PIECE MIO,ARB18,47,1,0,0,1,110
ENGINE,ENG203,SLIDE PIECE MIO - JVT,ARB18,87,5,0,0,5,200
ENGINE,ENG125,SLIDE PIECE MIO/M3/NMAX - RP,ARB18,70,0,0,0,0,150
ENGINE,ENG110,SLIDE PIECE MIOSPORTY,WALKIN,74,4,0,0,4,110
ENGINE,ENG111,SLIDE PIECE NMAX/AEROX/M3 - JVT,ARB18,95,6,0,0,6,200
ELECTRICAL,ELE143,SOCKET CONVERTER UNIVERSAL 4 PIN,WALKIN,38,6,0,0,6,65
ELECTRICAL,ELE145,SOCKET HEAD LIGHT MIO,WALKIN,40,0,0,0,0,100
ELECTRICAL,ELE146,SOCKET HEAD LIGHT STX BA20D B35,PANGMASA,35,18,0,0,18,100
ELECTRICAL,ELE147,SOCKET HEAD LIGHT TMX,WALKIN,50,0,0,0,0,100
ELECTRICAL,ELE318,SOCKET HEAD LIGHT TMX XRM MIO RAIDER H6 T19,ARB18,21,16,0,0,16,100
ELECTRICAL,ELE148,SOCKET HEAD LIGHT TMX XRM MIO RAIDER H6 T19,PANGMASA,10,44,0,0,44,100
ELECTRICAL,ELE149,SOCKET HORN PIN RED,BAMC,3,48,0,0,48,10
ELECTRICAL,ELE150,SOCKET RELAY 4-WIRE,PANGMASA,18,0,0,0,0,40
ELECTRICAL,ELE151,SOCKET RELAY 5-WIRE,BAMC,20,0,0,0,0,50
ELECTRICAL,ELE313,SOCKET RELAY NEW,ARB18,32,27,0,0,27,60
ELECTRICAL,ELE152,SOCKET SIGNAL LIGHT WINKER,PANGMASA,10,93,0,0,93,60
ELECTRICAL,ELE153,SOCKET TAIL LIGHT,PANGMASA,12,96,0,0,96,35
ELECTRICAL,ELE349,SPARK PLUG CAP BAJAJ - SAIYAN,WEDZZ,28,10,0,0,10,80
ELECTRICAL,ELE347,SPARK PLUG CAP BARAKO - SAIYAN,WEDZZ,28,9,0,0,9,80
ELECTRICAL,ELE353,SPARK PLUG CAP MIO T-TYPE - SAIYAN,WEDZZ,31,4,0,0,4,80
ELECTRICAL,ELE155,SPARK PLUG CAP RAIDER 150,WALKIN,60,1,0,0,1,100
ELECTRICAL,ELE351,SPARK PLUG CAP RAIDER150 - SAIYAN,WEDZZ,34,9,0,0,9,80
ELECTRICAL,ELE355,SPARK PLUG CAP TMX/XRM - SAIYAN,WEDZZ,28,0,0,0,0,80
ELECTRICAL,ELE412,SPARK PLUG CAP UNIVERSAL - MAKOTO,ARB18,13,6,0,0,6,80
ELECTRICAL,ELE156,SPARK PLUG CAP UNIVERSAL - MAKOTO,WALKIN,39,0,0,0,0,80
ELECTRICAL,ELE352,SPARK PLUG CC10N-6 - HELLA,WEDZZ,53,14,0,3,11,100
ELECTRICAL,ELE159,SPARK PLUG CC9N-7D - HELLA W125,WALKIN,74,8,0,0,8,160
ELECTRICAL,ELE350,SPARK PLUG CC9N-7D SHORT - HELLA,WEDZZ,67,50,0,0,50,120
ELECTRICAL,ELE299,SPARK PLUG CC9N-7D XRM/MIO/WAVE - HELLA,ARB18,59,50,0,0,50,130
ELECTRICAL,ELE354,SPARK PLUG CD10N-7D LONG TIP - HELLA,WEDZZ,67,50,0,0,50,120
ELECTRICAL,ELE160,SPARK PLUG CD12RN-7 - HELLA,PANGMASA,55,1,0,0,1,120
ELECTRICAL,ELE161,SPARK PLUG CD12RN-7 - HELLA,WALKIN,58,0,0,0,0,150
ELECTRICAL,ELE300,SPARK PLUG CD12RN-7 W125 SINGLE - HELLA,ARB18,47,40,0,0,40,120
ELECTRICAL,ELE348,SPARK PLUG CD9RP-7D,WEDZZ,67,48,0,0,48,120
ELECTRICAL,ELE356,SPARK PLUG CE8N-7D - HELLA,WEDZZ,67,30,0,0,30,120
ELECTRICAL,ELE301,SPARK PLUG CF9P-6 TMX - HELLA,ARB18,55,5,0,0,5,120
ELECTRICAL,ELE163,SPARK PLUG CH9P-8 - HELLA,PANGMASA,55,6,0,0,6,120
ELECTRICAL,ELE164,SPARK PLUG HELLA CC10N-6 XRM COPPER CORE,BAMC,70,0,0,0,0,120
ELECTRICAL,ELE165,SPARK PLUG HELLA CC9N-7D SHORT,WEDZZ,56,7,0,0,7,130
ELECTRICAL,ELE166,SPARK PLUG NGK C7HSA/C6HSA WAVE,ARB18,83,20,0,0,20,130
ELECTRICAL,ELE167,SPARK PLUG NGK CPR6EA-9S BC175/WAVE125,BAMC,105,2,0,0,2,160
ELECTRICAL,ELE168,SPARK PLUG NGK CPR8EA-9 WAVE125,BAMC,96,2,0,0,2,150
ELECTRICAL,ELE169,SPARK PLUG NGK CR7HSA MIOi125/MIO SOULi125,BAMC,105,3,0,0,3,160
ELECTRICAL,ELE170,SPARK PLUG NGK D8EA/D7EA TMX,ARB18,83,5,0,0,5,130
CABLE,CAB072,SPEED CABLE MIO - MAKOTO,ARB18,60,1,0,0,1,110
CABLE,CAB044,SPEED CABLE MIO - MAKOTO,WALKIN,93,0,0,0,0,150
CABLE,CAB045,SPEED CABLE RUSI - LTEUS,PANGMASA,40,5,0,0,5,80
CABLE,CAB046,SPEED CABLE SENSOR AEROX/NMAX FR,WALKIN,1495,1,0,0,1,1800
CABLE,CAB047,SPEED CABLE TMX150 - PHILRUIDA,PANGMASA,40,2,0,0,2,80
CABLE,CAB048,SPEED CABLE W100 - OTAKA,PANGMASA,43,1,0,0,1,85
CABLE,CAB049,SPEED CABLE W110 - LTEUS,PANGMASA,40,1,0,0,1,80
CABLE,CAB050,SPEED CABLE WAVE ALPHA - PHILRUIDA,PANGMASA,40,1,0,0,1,80
CABLE,CAB051,SPEED CABLE WAVE100R - SUNTAL,WALKIN,260,1,0,0,1,320
WHEEL,WHL057,SPEED GEAR BOX - FMP WAVE110,PANGMASA,65,1,0,0,1,115
WHEEL,WHL058,SPEED GEAR BOX - YAMAKOTO RAIDER,PANGMASA,65,1,0,0,1,115
WHEEL,WHL064,SPOKES 10G X 161 - GRS,PANGMASA,95,3,0,0,3,150
WHEEL,WHL065,SPOKES 10G X 184 - GRS,PANGMASA,99,5,0,0,5,15
WHEEL,WHL222,SPOKES 9G X 150 - YAGUSO,ARB18,235,1,0,0,1,350
WHEEL,WHL223,SPOKES 9G X 162 - YAGUSO,ARB18,241,3,0,0,3,350
WHEEL,WHL224,SPOKES 9G X 185/184 - YAGUSO,ARB18,235,1,0,0,1,350
WHEEL,WHL066,SPOKES AND NIPPLES 8G X 155 - KRYON,PANGMASA,96,5,0,0,5,150
WHEEL,WHL067,SPOKES AND NIPPLES 8G X 208 - KRYON,PANGMASA,108,5,0,0,5,160
MISCELLANEOUS,MIS001,SPRAY PAINT - SAMURAI,WALKIN,190,1,0,0,1,250
CHASSIS,CHS009,SPRING BRAKE PEDAL TV2 2P5,BAMC,14,4,0,0,4,40
CHASSIS,CHS010,SPRING CENTER STAND RS100 - KRYON,BAMC,12,7,0,0,7,40
CHASSIS,CHS011,SPRING SIDE STAND BARAKO,BAMC,14,4,0,0,4,40
CHASSIS,CHS012,SPRING SIDE STAND HD3,BAMC,15,8,0,0,8,40
CHASSIS,CHS013,SPRING SIDE STAND TMX,BAMC,14,4,0,0,4,40
CHAIN,CHN041,SPROCKET 14T - GRS (SUZUKIX4),PANGMASA,35,2,0,0,2,75
CHAIN,CHN042,SPROCKET 14T 428 TMX SUPREMO - OTAKA,BAMC,40,3,0,0,3,100
CHAIN,CHN088,SPROCKET 14T CG125,ARB18,37,1,0,1,0,80
CHAIN,CHN043,SPROCKET 14T TMX,ARB18,33,5,0,0,5,80
CHAIN,CHN081,SPROCKET 15T CG125/TMX125 - YSK/IPART/CSL,ARB18,36,0,0,0,0,90
CHAIN,CHN074,SPROCKET 15T TMX - SKS,ARB18,36,0,0,0,0,90
CHAIN,CHN046,SPROCKET 24T 428 XRM110 - MRTR,BAMC,115,1,0,0,1,200
CHAIN,CHN082,SPROCKET 32T HD3 - SKS,ARB18,115,1,0,0,1,200
CHAIN,CHN075,SPROCKET 32T TMX - YSK,ARB18,120,1,0,0,1,200
CHAIN,CHN083,SPROCKET 34T HD3/X4 - SKS,ARB18,117,2,0,0,2,200
CHAIN,CHN076,SPROCKET 34T TMX - SKS,ARB18,114,2,0,0,2,200
CHAIN,CHN048,SPROCKET 34T XRM - MASAYA,PANGMASA,91,1,0,0,1,145
CHAIN,CHN084,SPROCKET 36T HD3/X4 - SKS,ARB18,117,2,0,0,2,200
CHAIN,CHN077,SPROCKET 36T TMX - SKS,ARB18,116,0,0,0,0,200
CHAIN,CHN049,SPROCKET 38T   JAPAN (TMX),WALKIN,270,1,0,0,1,350
CHAIN,CHN050,SPROCKET 38T - FOR (TMX),PANGMASA,108,0,0,0,0,150
CHAIN,CHN051,SPROCKET 38T - SV,PANGMASA,155,1,0,0,1,200
CHAIN,CHN078,SPROCKET 38T TMX - SKS,ARB18,115,4,0,0,4,200
CHAIN,CHN052,SPROCKET 40T XRM - FMP,PANGMASA,115,2,0,0,2,170
CHAIN,CHN053,SPROCKET 428-13T XRM110/C100 - SEPTWOLVES,BAMC,27,2,0,0,2,80
CHAIN,CHN054,SPROCKET 428-14T BC175/BARAKO - TAKASAGO,BAMC,92,1,0,0,1,145
CHAIN,CHN055,SPROCKET 428-14T CT100/BAJAJ - SPR,BAMC,39,2,0,0,2,80
CHAIN,CHN056,SPROCKET 428-14T RAIDER150 - V-ORMAX,BAMC,34,1,0,0,1,90
CHAIN,CHN057,SPROCKET 428-14T SNIPER135 - SEPTWOLVES,BAMC,40,2,0,0,2,90
CHAIN,CHN058,SPROCKET 428-14T TMX SUPREMO - SEPTWOLVES,BAMC,29,1,0,0,1,80
CHAIN,CHN059,SPROCKET 428-16T TMX SUPREMO - TAKASAGO,BAMC,101,2,0,0,2,155
CHAIN,CHN060,SPROCKET 428-16T TMX155 - V-ORMAX,BAMC,30,0,0,0,0,80
CHAIN,CHN061,SPROCKET 428-34T BC175/BARAKO BLACK- SEPTWOLVES,BAMC,92,1,0,0,1,150
CHAIN,CHN062,SPROCKET 428-34T CT100 AURA BLACK- MURAKAMI,BAMC,118,1,0,0,1,170
CHAIN,CHN063,SPROCKET 428-34T HD3 BLACK- SEPTWOLVES,BAMC,107,1,0,0,1,160
CHAIN,CHN064,SPROCKET 428-34T RAIDER150/SHOGUN BLACK - MURAKAMI,BAMC,118,1,0,0,1,170
CHAIN,CHN065,SPROCKET 428-34T RAIDER150/SHOGUN/SMASH BLACK - SEPTWOLVES,BAMC,107,1,0,0,1,160
CHAIN,CHN067,SPROCKET 428-36T BC175/BARAKO,BAMC,132,1,0,0,1,185
CHAIN,CHN072,SPROCKET 42T - TMX,WALKIN,270,1,0,0,1,320
CHAIN,CHN085,SPROCKET 42T HD3/X4 - SKS,ARB18,150,1,0,0,1,250
CHAIN,CHN079,SPROCKET 42T TMX - IPART/SPEEDPOWER,ARB18,127,0,0,0,0,210
CHAIN,CHN073,SPROCKET 42T WAVE125 - SW,PANGMASA,168,2,0,0,2,220
CHAIN,CHN086,SPROCKET 45T HD3/X4 - IPART,ARB18,125,2,0,0,2,230
CHAIN,CHN080,SPROCKET 45T TMX - MSB/SPEEDPOWER,ARB18,140,0,0,0,0,250
ELECTRICAL,ELE171,STARTER RELAY - YAMAKOTO,PANGMASA,50,2,0,0,2,100
ELECTRICAL,ELE173,STARTER RELAY 4PIN CLICK - SW,WEDZZ,90,0,0,0,0,160
ELECTRICAL,ELE338,STARTER RELAY CLICK 4PIN - SW,WEDZZ,90,8,0,0,8,150
ELECTRICAL,ELE397,STARTER RELAY GY6 - EIKO,ARB18,95,0,0,0,0,200
ELECTRICAL,ELE174,STARTER RELAY GY6 UNIVERSAL - MRTR,PANGMASA,85,0,0,0,0,200
ELECTRICAL,ELE303,STARTER RELAY GY6 UNIVERSAL SMASH - YSK,ARB18,100,0,0,0,0,200
ELECTRICAL,ELE307,STARTER RELAY MIOM3 - HD,ARB18,70,1,0,0,1,150
ELECTRICAL,ELE406,STARTER RELAY XRM - YSK,ARB18,99,17,0,0,17,200
ELECTRICAL,ELE181,STATOR ASSEMBLY CB175 - MRP,PANGMASA,255,1,0,0,1,310
ELECTRICAL,ELE179,STATOR ASSEMBLY CG125 - GRS,PANGMASA,220,1,0,0,1,320
ELECTRICAL,ELE182,STATOR ASSEMBLY LF110 - MRP,PANGMASA,255,1,0,0,1,310
ELECTRICAL,ELE177,STATOR ASSEMBLY MIO - FMP,PANGMASA,400,1,0,0,1,520
ELECTRICAL,ELE178,STATOR ASSEMBLY MIO - FMP,PANGMASA,370,1,0,0,1,470
ELECTRICAL,ELE417,STATOR ASSEMBLY MIO - SPD,ARB18,428,1,0,0,1,650
ELECTRICAL,ELE183,STATOR ASSEMBLY TC150 - KHC,PANGMASA,235,1,0,0,1,335
ELECTRICAL,ELE180,STATOR ASSEMBLY TMX - KMN,PANGMASA,219,1,0,0,1,270
ELECTRICAL,ELE418,STATOR ASSEMBLY TMX COMPLETE - SPD,ARB18,326,1,0,0,1,500
ELECTRICAL,ELE405,STATOR ASSEMBLY TMX125 - SPD,ARB18,323,3,0,0,3,500
ELECTRICAL,ELE416,STATOR ASSEMBLY XRM - SPD,ARB18,298,2,0,0,2,480
ELECTRICAL,ELE184,STATOR COIL - RAYANA RUSI125,WALKIN,450,0,0,0,0,550
ELECTRICAL,ELE185,STATOR COIL - RAYANA TMX125,WALKIN,450,1,0,0,1,550
ELECTRICAL,ELE186,STATOR COIL ASSEMBLY GY6 - YAMAKOTO,PANGMASA,330,0,0,0,0,400
ELECTRICAL,ELE187,STATOR COIL ASSEMBLY XRM - YAMAKOTO,PANGMASA,260,0,0,0,0,350
ELECTRICAL,ELE188,STATOR COIL CG125 - SW,WEDZZ,415,0,0,0,0,520
ELECTRICAL,ELE189,STATOR COIL CG125/150 - KRYON,BAMC,400,0,0,0,0,550
ELECTRICAL,ELE190,STATOR COIL MIO - KRK,WEDZZ,350,0,0,0,0,550
ELECTRICAL,ELE191,STATOR COIL TMX125 - KRYON,BAMC,347,1,0,0,1,450
ELECTRICAL,ELE192,STATOR COIL TMX125 ALPHA - SW,WEDZZ,520,0,0,0,0,650
ELECTRICAL,ELE193,STATOR COIL TMX155 - SW,WEDZZ,400,0,0,0,0,500
ELECTRICAL,ELE194,SWITCH 3-WAY CLAMP TYPE - DOMINO,WEDZZ,95,0,0,0,0,180
ELECTRICAL,ELE381,SWITCH 3-WAY CLAMP TYPE - DOMINO,WEDZZ,95,5,0,0,5,180
ELECTRICAL,ELE195,SWITCH 3-WAY LEFT DUAL MIRROR MOUNT - DOMINO,PANGMASA,120,2,0,0,2,220
ELECTRICAL,ELE196,SWITCH 3-WAY LEFT MIRROR MOUNT  - DOMINO,ONLINE,68,0,0,0,0,180
ELECTRICAL,ELE288,SWITCH 3-WAY LEFT MIRROR MOUNT  - DOMINO,ONLINE,58.67,6,0,0,6,180
ELECTRICAL,ELE257,SWITCH 3-WAY RIGHT DUAL MIRROR MOUNT - DOMINO,ONLINE,164.32,5,0,0,5,220
ELECTRICAL,ELE200,SWITCH 3-WAY RIGHT MIRROR MOUNT - DOMINO,PANGMASA,75,20,0,0,20,180
ELECTRICAL,ELE201,SWITCH 3-WAY UNIVERSAL MIRROR MOUNT - DOMINO,BAMC,90,2,0,0,2,180
ELECTRICAL,ELE202,SWITCH BRAKE LIGHT TMX,PANGMASA,12,19,0,0,19,50
ELECTRICAL,ELE203,SWITCH BRAKE MASTER LEFT,ONLINE,6,9,0,0,9,50
ELECTRICAL,ELE204,SWITCH BRAKE MASTER RIGHT,ONLINE,6,9,0,0,9,50
ELECTRICAL,ELE248,SWITCH BRAKE PRESSURE SWITCH - DOMINO,WALKIN,290,2,0,0,2,400
ELECTRICAL,ELE287,SWITCH BRAKE PRESSURE SWITCH - RCB,WALKIN,290,2,0,0,2,400
ELECTRICAL,ELE373,SWITCH HALO SWITCH SUZUKI,WEDZZ,80,24,0,0,24,130
ELECTRICAL,ELE205,SWITCH HALO UNIVERSAL ASSORTED,WEDZZ,93,0,0,0,0,180
ELECTRICAL,ELE415,SWITCH HANDLE ASSEMBLY TMX L/H - SUNTAL,ARB18,160,2,0,0,2,250
ELECTRICAL,ELE414,SWITCH HANDLE ASSEMBLY TMX R/H - SUNTAL,ARB18,160,2,0,0,2,250
ELECTRICAL,ELE206,SWITCH HAZARD UNIVERSAL,WALKIN,14,5,0,0,5,30
ELECTRICAL,ELE207,SWITCH HORN,PANGMASA,10,92,0,0,92,30
ELECTRICAL,ELE208,SWITCH LEFT CLICK/NMAX - DOMINO,WALKIN,298,1,0,0,1,450
ELECTRICAL,ELE210,SWITCH MOMENTARY UNIVERSAL,WALKIN,11,3,0,0,3,30
ELECTRICAL,ELE382,SWITCH ON/OFF CLAMP TYPE UNIVERSAL 7039 - DOMINO,WEDZZ,70,5,0,0,5,150
ELECTRICAL,ELE372,SWITCH ON/OFF SQUARE,WEDZZ,6,22,0,0,22,30
ELECTRICAL,ELE212,SWITCH PASSING LIGHT BUTTON UNIVERSAL,WALKIN,75,5,0,0,5,150
ELECTRICAL,ELE213,SWITCH STARTER,PANGMASA,10,85,0,0,85,30
ELECTRICAL,ELE214,SWITCH STOPLIGHT / BRAKE LIGHT HONDA,WALKIN,60,2,0,0,2,90
ELECTRICAL,ELE215,SWITCH TOGGLE BIG ORANGE 3-WAY,BAMC,28,0,0,0,0,60
ENGINE,ENG112,TAPPET CAP TMX155 - SEPTWOLVES,BAMC,35,2,0,0,2,80
ENGINE,ENG113,TAPPET CAP XRM110 DREAM WITH O-RING - SEPTWOLVES,BAMC,35,2,0,0,2,80
ENGINE,ENG114,TAPPET M3/AEROX/NMAX 33S-E2159-01,WALKIN,75,4,0,0,4,120
ENGINE,ENG116,TAPPET W/RING OIL SEAL MIO,WALKIN,75,0,0,0,0,150
ELECTRICAL,ELE218,TEMPERATURE SENSOR - KOSO,WALKIN,1000,1,0,0,1,1200
ELECTRICAL,ELE219,TERMINAL FEMALE BLACK & RED,WALKIN,6,0,0,0,0,10
ELECTRICAL,ELE220,TERMINAL FEMALE SOCKET,WALKIN,5,0,0,0,0,15
ELECTRICAL,ELE221,TERMINAL MALE FEMALE BLUE,ONLINE,9,41,0,0,41,15
CABLE,CAB052,THROTTLE CABLE AEROX - SUNTAL,BAMC,295,2,0,0,2,450
CABLE,CAB053,THROTTLE CABLE D10 - OTAKA,PANGMASA,50,0,0,0,0,100
CABLE,CAB073,THROTTLE CABLE DA HARI - TM RACING,WALKIN,0,0,0,0,0,100
CABLE,CAB084,THROTTLE CABLE DA-HARI - MAKOTO,ARB18,59,3,0,0,3,110
CABLE,CAB056,THROTTLE CABLE MIO125 - CW,PANGMASA,210,1,0,0,1,320
CABLE,CAB057,THROTTLE CABLE MIO125 - KMN,PANGMASA,110,3,0,0,3,200
CABLE,CAB058,THROTTLE CABLE NMAX - KRYON,BAMC,155,2,0,0,2,280
CABLE,CAB060,THROTTLE CABLE R150 - MAKOTO,WALKIN,101,2,0,0,2,150
CABLE,CAB075,THROTTLE CABLE RUSI KR125/150 - HX,WALKIN,0,3,0,0,3,100
CABLE,CAB063,THROTTLE CABLE RUSI125/TC125 - KRYON,BAMC,40,0,0,0,0,100
CABLE,CAB064,THROTTLE CABLE RUSI150/TC150 - KRYON,BAMC,40,0,0,0,0,100
CABLE,CAB085,THROTTLE CABLE TC125 - MAKOTO,ARB18,55,5,0,0,5,110
CABLE,CAB066,THROTTLE CABLE TMX - KRYON,WALKIN,69,0,0,0,0,150
CABLE,CAB067,THROTTLE CABLE TMX 155 - MAKOTO,WALKIN,49,0,0,0,0,100
CABLE,CAB068,THROTTLE CABLE TMX CG125 - MAKOTO,ARB18,53,6,0,0,6,110
CABLE,CAB070,THROTTLE CABLE W100 - MAKOTO,WALKIN,105,0,0,0,0,150
CABLE,CAB071,THROTTLE CABLE W110 - YAKIMOTO,PANGMASA,36,2,0,0,2,80
MISCELLANEOUS,MIS002,THROTTLE PIPE QUICK  W/O CABLE - LUNA RACING,WALKIN,850,1,0,0,1,1050
MISCELLANEOUS,MIS003,THROTTLE PIPE WHITE,WEDZZ,6,2,0,0,2,25
MISCELLANEOUS,MIS004,THROTTLE QUICK BLACK - DOMINO,PANGMASA,200,1,0,0,1,250
MISCELLANEOUS,MIS005,THROTTLE QUICK GOLD - DOMINO,PANGMASA,180,4,0,0,4,250
MISCELLANEOUS,MIS006,THROTTLE W/ HANDLE GRIP - YAMAHA,WALKIN,250,3,0,0,3,310
WHEEL,WHL317,TIRE 13 110/70 - QUICK TL,ARB18,1460,6,0,0,6,1800
WHEEL,WHL225,TIRE 13 110/70 TL - FLASH BEAST,ARB18,1158,0,0,0,0,1400
WHEEL,WHL318,TIRE 13 130/70 - QUICK TL,ARB18,1750,3,0,0,3,2100
WHEEL,WHL236,TIRE 13 130/70 TL BEAST WARRIOR,ARB18,1656,0,2,0,2,1900
WHEEL,WHL303,TIRE 14 100/80 - MAXIMUS TL,ARB18,902,0,0,0,0,1100
WHEEL,WHL270,TIRE 14 100/80 - QUICK TL,WEDZZ,1140,0,0,0,0,1400
WHEEL,WHL227,TIRE 14 100/80 TL - JOURNEY,ARB18,791,0,0,0,0,950
WHEEL,WHL229,TIRE 14 100/80 TL - QUICK,ARB18,1125,1,0,0,1,1400
WHEEL,WHL308,TIRE 14 100/80 TL BEAST FLASH,ARB18,1192,1,0,0,1,1500
WHEEL,WHL246,TIRE 14 100/80 TL GREEN DEVIL - MAXXIS,ARB18,1742,0,0,0,0,2000
WHEEL,WHL075,TIRE 14 110/70 TL - QUICK WHITE PACK,BAMC,1208,0,0,0,0,1450
WHEEL,WHL268,TIRE 14 110/80 - QUICK TL,WEDZZ,1430,1,0,0,1,1700
WHEEL,WHL077,TIRE 14 110/80 TL - QUICK WHITE PACK,BAMC,1404,0,0,0,0,1650
WHEEL,WHL214,TIRE 14 110/80 TL - QUICK WHITE PACK,ARB18,1505,0,0,0,0,1710
WHEEL,WHL078,TIRE 14 120/70 TL - QUICK WHITE PACK,BAMC,1353,0,0,0,0,1600
WHEEL,WHL079,TIRE 14 130/70 TL - QUICK WHITE PACK,BAMC,1895,1,0,0,1,2150
WHEEL,WHL082,TIRE 14 45/90 TT - QUICK GREEN PACK,BAMC,510,2,0,0,2,660
WHEEL,WHL080,TIRE 14 45/90 TT - QUICK GREEN PACK,ARB18,470,4,0,0,4,620
WHEEL,WHL085,TIRE 14 50/90 TT - QUICK GREEN PACK,BAMC,460,2,0,0,2,600
WHEEL,WHL083,TIRE 14 50/90 TT - QUICK GREEN PACK,ARB18,505,3,0,0,3,660
WHEEL,WHL232,TIRE 14 70/80 TL - BEAST,ARB18,667,4,0,0,4,850
WHEEL,WHL087,TIRE 14 70/80 TL - QUICK WHITE PACK,BAMC,852,0,0,0,0,1100
WHEEL,WHL300,TIRE 14 70/90 - MAXIMUS TL,ARB18,613,0,0,0,0,780
WHEEL,WHL276,TIRE 14 70/90 - QUICK TL,WEDZZ,890,1,0,0,1,1100
WHEEL,WHL239,TIRE 14 70/90 MAXIMUS,WALKIN,700,0,0,0,0,950
WHEEL,WHL319,TIRE 14 70/90 TL - BEAST,ARB18,765,2,0,0,2,1000
WHEEL,WHL088,TIRE 14 70/90 TL - QUICK WHITE PACK,BAMC,882,0,0,0,0,1100
WHEEL,WHL301,TIRE 14 80/80 - MAXIMUS TL,ARB18,617,0,0,0,0,750
WHEEL,WHL326,TIRE 14 80/80 - QUICK TL,ARB18,870,0,2,0,2,1100
WHEEL,WHL244,TIRE 14 80/80 TL - BEAST,ARB18,780,0,0,0,0,960
WHEEL,WHL090,TIRE 14 80/80 TL LEO MEDUSA,BAMC,661,0,0,0,0,810
WHEEL,WHL274,TIRE 14 80/90 - QUICK TL,WEDZZ,950,0,0,0,0,1200
WHEEL,WHL245,TIRE 14 80/90 TL - MAXXIS,ARB18,1400,0,0,0,0,1650
WHEEL,WHL216,TIRE 14 80/90 TL - QUICK WHITE PACK,ARB18,954,0,2,0,2,1200
WHEEL,WHL305,TIRE 14 90/80 - MAXIMUS TL,ARB18,714,0,0,0,0,900
WHEEL,WHL320,TIRE 14 90/80 QUICK TL,ARB18,935,0,4,0,4,1200
WHEEL,WHL228,TIRE 14 90/80 TL - JOURNEY,ARB18,673,0,0,0,0,850
WHEEL,WHL302,TIRE 14 90/90 - MAXIMUS TL,ARB18,747,0,0,0,0,900
WHEEL,WHL272,TIRE 14 90/90 - QUICK TL,WEDZZ,1050,0,0,0,0,1300
WHEEL,WHL102,TIRE 14 90/90 TL - QUICK WHITE PACK,ARB18,1090,0,2,0,2,1300
WHEEL,WHL103,TIRE 16 300 TT,BAMC,625,1,0,0,1,750
WHEEL,WHL256,TIRE 17 120/70 - MAXIMUS,ARB18,1071,0,0,0,0,1300
WHEEL,WHL260,TIRE 17 130/70 6PR TL - SHIHFA,WEDZZ,1967,2,0,0,2,2500
WHEEL,WHL263,TIRE 17 130/70 EXTRAMAXX - MAXXIS,WEDZZ,3516,2,0,0,2,4200
WHEEL,WHL104,TIRE 17 140/70 SALSONS,WALKIN,2214,0,0,0,0,2800
WHEEL,WHL211,TIRE 17 200 LEO LASER,ARB18,307,0,0,0,0,410
WHEEL,WHL221,TIRE 17 225 LEO LASER,ARB18,358,0,0,0,0,460
WHEEL,WHL247,TIRE 17 250 - MISHIBA/SPEEDPOWER,ARB18,394,3,0,0,3,550
WHEEL,WHL288,TIRE 17 250 4PR TT STRAIGHT LINE SV-222 - SHIHFA,WEDZZ,452,0,0,0,0,600
WHEEL,WHL257,TIRE 17 250 6PR BANANA - SHIHFA,WEDZZ,426,0,0,0,0,600
WHEEL,WHL286,TIRE 17 250 8PLY BANANA TYPE SV-274A - SHIHFA,WEDZZ,542,0,0,0,0,750
WHEEL,WHL109,TIRE 17 250 LEO BULLDOG,BAMC,440,4,0,0,4,590
WHEEL,WHL234,TIRE 17 250 LEO LASER,ARB18,412,0,0,0,0,570
WHEEL,WHL111,TIRE 17 250 SAPPHIRE,PANGMASA,441,1,0,0,1,600
WHEEL,WHL323,TIRE 17 275 - MAXIMUS,ARB18,525,0,0,0,0,680
WHEEL,WHL248,TIRE 17 275 - MISHIBA/SPEEDPOWER,ARB18,475,0,0,0,0,630
WHEEL,WHL336,TIRE 17 275 - RUDDER,ARB18,480,0,0,0,0,650
WHEEL,WHL290,TIRE 17 275 4PR TT STRAIGHT LINE SV-222 - SHIHFA,WEDZZ,512,0,0,0,0,680
WHEEL,WHL284,TIRE 17 275 6PR BANANA TYPE SV-273A - SHIHFA,WEDZZ,480,0,0,0,0,680
WHEEL,WHL307,TIRE 17 275 8PLY JUMBO SPRINT,ARB18,484,3,5,0,8,680
WHEEL,WHL114,TIRE 17 275 LEO BULLDOG,BAMC,549,0,0,0,0,700
WHEEL,WHL113,TIRE 17 275 LEO BULLDOG,ARB18,554,0,0,0,0,700
WHEEL,WHL235,TIRE 17 275 LEO LASER,ARB18,531,0,0,0,0,680
WHEEL,WHL118,TIRE 17 275 SAPPHIRE,PANGMASA,565,1,0,0,1,700
WHEEL,WHL120,TIRE 17 275 SONY SPEEDPRO,BAMC,469,0,0,0,0,620
WHEEL,WHL282,TIRE 17 300 4PR SV-O802 OFF ROAD TT - SHIHFA,WEDZZ,749,1,0,0,1,950
WHEEL,WHL306,TIRE 17 300 8PLY CAMEL,ARB18,590,0,5,0,5,780
WHEEL,WHL299,TIRE 17 300 8PR - SHIHFA,WEDZZ,650,0,0,0,0,850
WHEEL,WHL122,TIRE 17 300 DUAL,PANGMASA,658,2,0,0,2,770
WHEEL,WHL124,TIRE 17 300 LEO BULLDOG,BAMC,642,0,0,0,0,790
WHEEL,WHL123,TIRE 17 300 LEO BULLDOG,ARB18,641,0,0,0,0,780
WHEEL,WHL125,TIRE 17 300 LEO LASER,BAMC,635,0,0,0,0,780
WHEEL,WHL126,TIRE 17 300 RUDDER,ARB18,620,0,0,0,0,770
WHEEL,WHL129,TIRE 17 300 SPRINT JUMBO,PANGMASA,647,0,0,0,0,750
WHEEL,WHL249,TIRE 17 300 SPRINT JUMBO 8PLY,ARB18,565,3,5,0,8,730
WHEEL,WHL130,TIRE 17 325 LEO TIRE RAPTOR,WALKIN,1030,0,0,0,0,1200
WHEEL,WHL131,TIRE 17 45/90 LEO LASER,BAMC,315,0,0,0,0,440
WHEEL,WHL132,TIRE 17 45/90 MC RACING,PANGMASA,285,0,0,0,0,390
WHEEL,WHL312,TIRE 17 45/90 RUDDER,ARB18,295,0,0,0,0,450
WHEEL,WHL333,TIRE 17 50/100 - MISHIBA,ARB18,275,2,0,0,2,380
WHEEL,WHL220,TIRE 17 50/100 - RUDDER,ARB18,350,0,0,0,0,450
WHEEL,WHL135,TIRE 17 50/100 VEE RUBBER GEKKO STAR,WALKIN,800,1,0,0,1,800
WHEEL,WHL136,TIRE 17 50/85 RUDDER,ARB18,365,2,0,0,2,520
WHEEL,WHL137,TIRE 17 50/90 KRX,PANGMASA,278,0,0,0,0,420
WHEEL,WHL258,TIRE 17 60/80 - SPRINT,ARB18,310,0,0,0,0,450
WHEEL,WHL233,TIRE 17 60/80 LEO SAMURAI,ARB18,302,0,0,0,0,420
WHEEL,WHL311,TIRE 17 60/80 RUDDER,ARB18,345,0,0,0,0,500
WHEEL,WHL237,TIRE 17 60/80 TL BEAST FLASH,ARB18,709,2,0,0,2,900
WHEEL,WHL208,TIRE 17 60/80 VEE RUBBER,ARB18,390,0,0,0,0,550
WHEEL,WHL309,TIRE 17 70/80 - SPRINT,ARB18,333,0,0,0,0,490
WHEEL,WHL261,TIRE 17 70/80 LEO LASER,ARB18,390,0,0,0,0,550
WHEEL,WHL321,TIRE 17 70/80 RUDDER,ARB18,415,0,0,0,0,550
WHEEL,WHL328,TIRE 17 70/80 TL BEAST FLASH,ARB18,791,1,0,0,1,1000
WHEEL,WHL147,TIRE 17 70/80 TT - QUICK GREEN PACK,BAMC,620,0,0,0,0,780
WHEEL,WHL209,TIRE 17 70/80 VEE RUBBER,ARB18,400,0,0,0,0,560
WHEEL,WHL283,TIRE 17 70/90 4PR - SHIHFA,WEDZZ,539,0,0,0,0,750
WHEEL,WHL149,TIRE 17 70/90 TT - QUICK GREEN PACK,BAMC,630,0,0,0,0,780
WHEEL,WHL310,TIRE 17 80/80 - SPRINT,ARB18,425,0,0,0,0,580
WHEEL,WHL151,TIRE 17 80/80 MC RACING,PANGMASA,420,1,0,0,1,550
WHEEL,WHL153,TIRE 17 80/80 TT - QUICK GREEN PACK,BAMC,700,0,0,0,0,850
WHEEL,WHL254,TIRE 17 80/90 - LEO LASER,ARB18,514,0,0,0,0,650
WHEEL,WHL280,TIRE 17 80/90 4PR - SHIHFA,WEDZZ,588,0,0,0,0,790
WHEEL,WHL155,TIRE 17 80/90 TT - QUICK GREEN PACK,BAMC,785,0,0,0,0,950
WHEEL,WHL265,TIRE 17 90/80  - MAXXIS,WEDZZ,1388,0,0,0,0,1750
WHEEL,WHL156,TIRE 17 90/80 300 MC RACING,PANGMASA,495,0,0,0,0,610
WHEEL,WHL278,TIRE 17 90/80 4PR - SHIHFA,WEDZZ,581,0,0,0,0,780
WHEEL,WHL259,TIRE 17 90/80 4PR TT - SHIHFA,WEDZZ,581,0,0,0,0,780
WHEEL,WHL157,TIRE 17 90/80 LEO SAMURAI,BAMC,526,0,0,0,0,680
WHEEL,WHL158,TIRE 17 90/80 TT - QUICK GREEN PACK,BAMC,870,0,0,0,0,1050
WHEEL,WHL159,TIRE 18 250 LEO BULLDOG,BAMC,480,0,0,0,0,630
WHEEL,WHL160,TIRE 18 250 LEO LASER,BAMC,450,2,0,0,2,600
WHEEL,WHL324,TIRE 18 275 - MAXIMUS,ARB18,527,0,3,0,3,700
WHEEL,WHL327,TIRE 18 275 FRONT - TAIYO,ARB18,546,0,0,0,0,700
WHEEL,WHL210,TIRE 18 275 LEO LASER,ARB18,541,0,0,0,0,700
WHEEL,WHL212,TIRE 18 300 LEO BULLDOG,ARB18,677,0,0,0,0,830
WHEEL,WHL253,TIRE 18 300 SAPHIRE,ARB18,664,2,0,0,2,800
WHEEL,WHL165,TIRE HUGGER CLICK 125 HONDA OEM,WALKIN,1000,1,0,0,1,1000
WHEEL,WHL166,TIRE PATCH KIT,WALKIN,94,2,0,0,2,180
WHEEL,WHL313,TIRE SEALANT 500mL - HIRC,ARB18,35,0,0,0,0,100
WHEEL,WHL167,TIRE SEALANT 500mL - KOBY,BAMC,64,0,0,0,0,110
WHEEL,WHL255,TIRE SEALANT 500mL - KOBY,WEDZZ,59,0,0,0,0,110
WHEEL,WHL170,TIRE SEALANT 500mL - KOBY,ARB18,59,22,0,2,20,110
WHEEL,WHL292,TIRE SEALANT 500ML - SAIYAN,WEDZZ,40,0,0,0,0,100
WHEEL,WHL169,TIRE SEALANT AND INFLATOR 450mL - KOBY,BAMC,129,0,0,0,0,180
WHEEL,WHL243,TIRE SEALER & INFLATOR,WALKIN,100,4,0,0,4,160
WHEEL,WHL171,TIRE TUBE 14 175 - KRX,WALKIN,60,0,0,0,0,110
WHEEL,WHL298,TIRE TUBE 14 225,WEDZZ,62,5,0,0,5,120
WHEEL,WHL172,TIRE TUBE 14 225 - GRIPPER,ARB18,70,2,0,0,2,130
WHEEL,WHL173,TIRE TUBE 14 225 - KRX,WALKIN,60,0,0,0,0,110
WHEEL,WHL329,TIRE TUBE 14 225 - MAKOTO,ARB18,67,19,0,0,19,120
WHEEL,WHL230,TIRE TUBE 14 225 - SUPERIOR,ARB18,60,0,0,0,0,110
WHEEL,WHL174,TIRE TUBE 14 250 - CAMEL,ARB18,75,0,0,0,0,150
WHEEL,WHL297,TIRE TUBE 14 250 - GRIPPER,WEDZZ,65,1,0,0,1,120
WHEEL,WHL330,TIRE TUBE 14 250 - LEO,ARB18,81,20,0,0,20,150
WHEEL,WHL231,TIRE TUBE 14 250 - MAKOTO,ARB18,69,1,0,0,1,120
WHEEL,WHL176,TIRE TUBE 14 250 LEO,BAMC,78,1,0,0,1,130
WHEEL,WHL177,TIRE TUBE 14 275 - GRIPPER,ARB18,64,6,0,0,6,130
WHEEL,WHL287,TIRE TUBE 14 275 - GRS,WEDZZ,66,1,0,0,1,120
WHEEL,WHL178,TIRE TUBE 14 275 - KRX,WALKIN,60,0,0,0,0,110
WHEEL,WHL331,TIRE TUBE 14 275 - MAKOTO,ARB18,77,20,0,0,20,150
WHEEL,WHL332,TIRE TUBE 14 300 - GRIPPER,ARB18,69,19,0,0,19,130
WHEEL,WHL271,TIRE TUBE 17 175 - GRIPPER,WEDZZ,60,0,0,0,0,120
WHEEL,WHL314,TIRE TUBE 17 175 - GRIPPER,ARB18,57,11,0,0,11,120
WHEEL,WHL337,TIRE TUBE 17 175 - MAKOTO,ARB18,67,10,0,0,10,130
WHEEL,WHL294,TIRE TUBE 17 175 - SLV,WEDZZ,57,1,0,0,1,110
WHEEL,WHL179,TIRE TUBE 17 185 - SAPHIRE,PANGMASA,77,2,0,0,2,130
WHEEL,WHL180,TIRE TUBE 17 200 - GRIPPER,ARB18,58,0,0,0,0,120
WHEEL,WHL315,TIRE TUBE 17 200 - MAKOTO,ARB18,68,18,0,0,18,130
WHEEL,WHL295,TIRE TUBE 17 200 - SLV,WEDZZ,58,0,0,0,0,110
WHEEL,WHL181,TIRE TUBE 17 200 LEO,BAMC,78,0,0,0,0,130
WHEEL,WHL338,TIRE TUBE 17 225 - GRIPPER,ARB18,69,10,0,0,10,130
WHEEL,WHL182,TIRE TUBE 17 225 - GRIPPER,ARB18,61,4,0,0,4,120
WHEEL,WHL291,TIRE TUBE 17 225 - SLV,WEDZZ,61,0,0,0,0,120
WHEEL,WHL183,TIRE TUBE 17 225 LEO,BAMC,77,0,0,0,0,120
WHEEL,WHL184,TIRE TUBE 17 250 - AGUAN TUBE,PANGMASA,59,0,0,0,0,110
WHEEL,WHL285,TIRE TUBE 17 250 - CROSSPEE,WEDZZ,65,0,0,0,0,120
WHEEL,WHL273,TIRE TUBE 17 250 - GRIPPER,WEDZZ,64,0,0,0,0,120
WHEEL,WHL316,TIRE TUBE 17 250 - GRIPPER,ARB18,62,1,0,0,1,120
WHEEL,WHL335,TIRE TUBE 17 250 - LEO,ARB18,98,5,0,0,5,150
WHEEL,WHL213,TIRE TUBE 17 250 - MAKOTO,ARB18,70,10,0,0,10,120
WHEEL,WHL187,TIRE TUBE 17 250 LEO,BAMC,87,0,0,0,0,140
WHEEL,WHL269,TIRE TUBE 17 275 - GRIPPER,WEDZZ,69,0,0,0,0,130
WHEEL,WHL189,TIRE TUBE 17 275 - GRIPPER,ARB18,67,0,0,0,0,130
WHEEL,WHL325,TIRE TUBE 17 275 - MAKOTO,ARB18,73,13,0,0,13,130
WHEEL,WHL289,TIRE TUBE 17 275 - SLV,WEDZZ,66,1,0,0,1,120
WHEEL,WHL192,TIRE TUBE 17 275 LEO,BAMC,97,2,0,0,2,150
WHEEL,WHL266,TIRE TUBE 17 300 - CROSSPEE,WEDZZ,72,0,0,0,0,130
WHEEL,WHL296,TIRE TUBE 17 300 - GRIPPER,WEDZZ,72,0,0,0,0,130
WHEEL,WHL194,TIRE TUBE 17 300 - GRIPPER,ARB18,69,2,0,0,2,130
WHEEL,WHL195,TIRE TUBE 17 300 - GRS,PANGMASA,64,5,0,0,5,120
WHEEL,WHL334,TIRE TUBE 17 300 - LEO,ARB18,116,11,0,0,11,160
WHEEL,WHL218,TIRE TUBE 17 300 - MAKOTO,ARB18,81,3,0,0,3,140
WHEEL,WHL197,TIRE TUBE 17 300 LEO,BAMC,106,0,0,0,0,160
WHEEL,WHL198,TIRE TUBE 18 250 - SAPHIRE,PANGMASA,98,0,0,0,0,150
WHEEL,WHL293,TIRE TUBE 18 250 - SLV,WEDZZ,66,1,0,0,1,120
WHEEL,WHL199,TIRE TUBE 18 250 LEO,ARB18,95,3,0,0,3,150
WHEEL,WHL277,TIRE TUBE 18 275 - SUPERIOR,WEDZZ,68,1,0,0,1,120
WHEEL,WHL201,TIRE TUBE 18 275 LEO,BAMC,98,4,0,0,4,150
WHEEL,WHL202,TIRE TUBE 18 300 - SAPHIRE,PANGMASA,119,3,0,0,3,170
WHEEL,WHL275,TIRE TUBE 18 300 - SUPERIOR,WEDZZ,72,1,0,0,1,130
WHEEL,WHL203,TIRE TUBE 18 300 LEO,BAMC,110,2,0,0,2,160
WHEEL,WHL164,TIRE VALVE CAP & RUBBER - POONSUP,WALKIN,10,31,0,0,31,50
ACCESSORIES,ACS163,TIRE VALVE CAP PITO CAP - XY,WEDZZ,14,68,0,0,68,30
WHEEL,WHL264,TIRE VALVE PITO NEEDLE,WEDZZ,3,186,0,0,186,15
WHEEL,WHL267,TIRE VALVE PITO TUBELESS RUBBER,WEDZZ,10,99,0,0,99,35
WHEEL,WHL206,TIRE VALVE PITO TUBELESS SILVER,WEDZZ,10,0,0,0,0,25
WHEEL,WHL262,TIRE VALVE PITO TUBELESS SILVER,WEDZZ,10,119,0,1,118,25
WHEEL,WHL204,TIRE VALVE PITO TUBELESS SILVER,ARB18,9,0,0,0,0,25
GASKET,GKT119,TOP GASKET BARAKO - SAIYAN,WEDZZ,42,3,0,0,3,100
GASKET,GKT120,TOP GASKET BEAT - SAIYAN,WEDZZ,42,5,0,0,5,100
GASKET,GKT025,TOP GASKET CG125 - GRS,PANGMASA,29,10,0,0,10,80
WHEEL,WHL279,TOP GASKET CG125 - GRS,WEDZZ,55,5,0,0,5,100
GASKET,GKT098,TOP GASKET DREAM - YK,WEDZZ,60,5,0,0,5,120
WHEEL,WHL281,TOP GASKET GY6125 - GRS,WEDZZ,55,4,0,0,4,100
GASKET,GKT129,TOP GASKET HD3 - SAIYAN,WEDZZ,5,42,0,0,42,100
GASKET,GKT118,TOP GASKET LF125 - SAIYAN,WEDZZ,42,5,0,0,5,100
GASKET,GKT026,TOP GASKET LIFAN,PANGMASA,15,15,0,0,15,80
GASKET,GKT124,TOP GASKET LIFAN110 - SAIYAN,WEDZZ,42,5,0,0,5,100
GASKET,GKT128,TOP GASKET MIO - SAIYAN,WEDZZ,5,35,0,0,35,100
GASKET,GKT123,TOP GASKET RAIDER150 - SAIYAN,WEDZZ,42,5,0,0,5,100
GASKET,GKT122,TOP GASKET ROUSER135 - SAIYAN,WEDZZ,42,5,0,0,5,100
GASKET,GKT028,TOP GASKET SET BC175 - GRS,PANGMASA,29,10,0,0,10,100
GASKET,GKT029,TOP GASKET SET CT100 - GRS,PANGMASA,29,9,0,0,9,100
GASKET,GKT030,TOP GASKET SET GY6 - GRS,PANGMASA,29,10,0,0,10,100
GASKET,GKT031,TOP GASKET SET R150 - FOR,PANGMASA,29,6,0,0,6,100
GASKET,GKT032,TOP GASKET SMASH - FORTUNE,PANGMASA,15,10,0,0,10,80
GASKET,GKT121,TOP GASKET SMASH - SAIYAN,WEDZZ,42,5,0,0,5,100
GASKET,GKT027,TOP GASKET TMX,PANGMASA,15,44,0,0,44,80
GASKET,GKT099,TOP GASKET TMX155 - SAIYAN,WEDZZ,42,3,0,0,3,100
GASKET,GKT125,TOP GASKET WAVE125 - SAIYAN,WEDZZ,42,5,0,0,5,100
GASKET,GKT033,TOP GASKET XRM110 - FORTUNE,PANGMASA,15,9,0,0,9,80
GASKET,GKT097,TOP GASKET XRM110 - YK,WEDZZ,60,5,0,0,5,120
ELECTRICAL,ELE222,TPS SENSOR - 4S1M (AEROX155/RAIDER150/R15 V3),WALKIN,1000,1,0,0,1,1250
ELECTRICAL,ELE223,TPS SENSOR - 4S1M (CLICK150/BEAT FI),WALKIN,1000,1,0,0,1,1250
ELECTRICAL,ELE225,TPS SENSOR - OUTZSPIN (CLICK),PANGMASA,250,0,0,0,0,500
ELECTRICAL,ELE226,TPS SENSOR AEROX155 RAIDER150 R15 V3 - 4S1M,WEDZZ,1250,1,0,0,1,1250
ELECTRICAL,ELE227,TPS SENSOR CLICK150 BEAT FI - 4S1M,WEDZZ,1250,1,0,0,1,1250
WHEEL,WHL207,TUBE OUTER LIGHTEN WAVE,WALKIN,950,1,0,0,1,1100
ELECTRICAL,ELE380,USB CHARGER BLACK BOX WATERPROOF 7037,WEDZZ,160,5,0,0,5,250
ENGINE,ENG117,VALVE GUIDE MIO SPORTY 5LW-11133-10,WALKIN,450,2,0,0,2,650
ENGINE,ENG118,VALVE LIGHTENED 23X20 BIG VALVE - RS8,WALKIN,850,0,0,0,0,1100
ENGINE,ENG119,VALVE LIGHTENED STOCK NMAX/AEROX - RS8,WALKIN,850,1,0,0,1,1100
GASKET,GKT068,VALVE SEAL 1100 413 - ASPIRA,PANGMASA,47,6,0,0,6,85
GASKET,GKT069,VALVE SEAL 1100 GB4 - ASPIRA,PANGMASA,36,10,0,0,10,75
GASKET,GKT070,VALVE SEAL 1100 JMX - ASPIRA,PANGMASA,35,10,0,0,10,75
GASKET,GKT071,VALVE SEAL 1100 MIO - ASPIRA,PANGMASA,44,0,0,0,0,80
GASKET,GKT072,VALVE SEAL M3/MIOi125,WALKIN,90,2,0,0,2,110
GASKET,GKT132,VALVE SEAL MIO - GENUINE,ARB18,69,10,0,0,10,130
GASKET,GKT073,VALVE SEAL MIO 5MX-E2119-00,WALKIN,77,2,0,0,2,90
GASKET,GKT074,VALVE SEAL MIOSPORTY 5MX,WALKIN,35,0,0,0,0,70
GASKET,GKT133,VALVE SEAL NMAX/M3 - GENUINE,ARB18,41,10,0,0,10,90
GASKET,GKT076,VALVE SEAL TMX155 12209-GB4-682,WALKIN,200,2,0,0,2,250
GASKET,GKT075,VALVE SEAL XRM/CLICK125/150 12209-GB4-682,WALKIN,70,2,0,0,2,120
GASKET,GKT077,VALVE SPRING NMAX/AEROX - RS8,WALKIN,557,1,0,0,1,700
ENGINE,ENG182,VENDIX KIT TMX125/CG125,ARB18,31,4,0,0,4,80
ENGINE,ENG187,VENDIX KIT TMX125/CG125 - CSL,ARB18,31,5,0,0,5,100
ENGINE,ENG183,VENDIX KIT XRM,ARB18,28,5,0,0,5,80
ENGINE,ENG188,VENDIX KIT XRM - CSL,ARB18,28,4,0,0,4,100
ACCESSORIES,ACS091,VOLT COMPARTMENT COVER- SEC,WALKIN,180,2,0,0,2,300
ACCESSORIES,ACS158,VOLTMETER RECTANGLE - MOTO,WEDZZ,110,3,0,0,3,200
CLEANER,CLN016,VS1 PROTECTOR 100mL,ARB18,116,1,10,0,11,180
CLEANER,CLN030,VS1 PROTECTOR 250mL,ARB18,164,4,10,0,14,230
CLEANER,CLN019,VS1 PROTECTOR 250mL,ONLINE,81.6,0,0,0,0,200
CLEANER,CLN015,VS1 PROTECTOR MATTE 250mL,BAMC,177,0,0,0,0,230
CLEANER,CLN033,WD40 100ml,ARB18,185,0,0,0,0,230
ELECTRICAL,ELE247,WIRE #18 BLUE,ONLINE,12.6,0,0,0,0,30
ELECTRICAL,ELE250,WIRE #18 GREEN,ONLINE,12.6,0,0,0,0,30
ELECTRICAL,ELE253,WIRE #18 RED,ONLINE,12.6,51,0,0,51,30
ELECTRICAL,ELE232,WIRE #18 RED JAPAN,ONLINE,11.5,0,0,0,0,30
ELECTRICAL,ELE434,WIRE H.D.,ARB18,11.33,0,60,0,60,30
ENGINE,ENG205,TIMING GEAR TMX - YAKIMOTO,ARB18,292,0,5,0,5,500
BEARING,BER081,KNUCKLE BEARING BALL RACE MIO/RS100/STX - LIMAN,ARB18,91,0,5,0,5,170
WHEEL,WHL339,TIRE 17 250 SPRINT JUMBO 8PLY,ARB18,405,0,3,0,3,550
WHEEL,WHL340,TIRE 18 275 LEO BULLDOG,ARB18,600,0,3,0,3,750
ELECTRICAL,ELE435,SPARK PLUG NGK CPR8EA-9 WAVE125,ARB18,108,0,20,0,20,160
WHEEL,WHL341,TIRE 14 60/80 TL - BEAST FLASH,ARB18,631,0,2,0,2,850
WHEEL,WHL342,TIRE 13 130/70 MAXXIS VICTRA TL,ARB18,2413,0,2,0,2,2700
WHEEL,WHL343,TIRE 13 110/70 MAXXIS VICTRA TL,ARB18,1922,0,2,0,2,2250
